-- phpMyAdmin SQL Dump
-- version 4.7.6
-- https://www.phpmyadmin.net/
--
-- Servidor: localhost
-- Tiempo de generación: 07-02-2018 a las 14:29:40
-- Versión del servidor: 10.1.29-MariaDB
-- Versión de PHP: 7.1.12

SET SQL_MODE = "NO_AUTO_VALUE_ON_ZERO";
SET AUTOCOMMIT = 0;
START TRANSACTION;
SET time_zone = "+00:00";


/*!40101 SET @OLD_CHARACTER_SET_CLIENT=@@CHARACTER_SET_CLIENT */;
/*!40101 SET @OLD_CHARACTER_SET_RESULTS=@@CHARACTER_SET_RESULTS */;
/*!40101 SET @OLD_COLLATION_CONNECTION=@@COLLATION_CONNECTION */;
/*!40101 SET NAMES utf8mb4 */;

--
-- Base de datos: `dbquidespru`
--
CREATE DATABASE IF NOT EXISTS `dismunc_dbquidespru` DEFAULT CHARACTER SET utf8 COLLATE utf8_spanish_ci;
USE `dismunc_dbquidespru`;

-- --------------------------------------------------------

--
-- Estructura de tabla para la tabla `bosquejo`
--

CREATE TABLE `bosquejo` (
  `id` bigint(11) NOT NULL COMMENT 'Identificador de registro',
  `fecha` date NOT NULL COMMENT 'Día en cuestión',
  `idpersona` int(11) NOT NULL COMMENT 'Identificador de trabajador',
  `idturno` int(11) NOT NULL COMMENT 'Identificador de Turno',
  `idpunto` int(11) NOT NULL COMMENT 'Identificador de punto o ubicación',
  `bloqueado` tinyint(4) NOT NULL DEFAULT '0' COMMENT 'Este campo puesto a "true" quiere decir que ese registro ya está pasado y no se debe modificar '
) ENGINE=InnoDB DEFAULT CHARSET=utf8 COLLATE=utf8_spanish_ci;

--
-- Volcado de datos para la tabla `bosquejo`
--

INSERT INTO `bosquejo` (`id`, `fecha`, `idpersona`, `idturno`, `idpunto`, `bloqueado`) VALUES
(22246, '2018-03-08', 34, 1, 7, 0),
(22247, '2018-03-08', 33, 2, 6, 0),
(22248, '2018-03-08', 12, 3, 15, 0),
(22249, '2018-03-08', 2, 3, 16, 0),
(22250, '2018-03-08', 5, 3, 54, 0),
(22251, '2018-03-08', 4, 3, 53, 0),
(22252, '2018-03-08', 10, 3, 55, 0),
(22253, '2018-03-08', 0, 3, 57, 0),
(22254, '2018-03-08', 15, 1, 1, 0),
(22255, '2018-03-08', 16, 1, 26, 0),
(22256, '2018-03-08', 9, 1, 3, 0),
(22257, '2018-03-08', 8, 1, 4, 0),
(22258, '2018-03-08', 1, 1, 5, 0),
(22259, '2018-03-08', 3, 1, 6, 0),
(22260, '2018-03-08', 13, 1, 8, 0),
(22261, '2018-03-08', 6, 1, 9, 0),
(22262, '2018-03-08', 7, 1, 10, 0),
(22263, '2018-03-08', 14, 1, 11, 0),
(22264, '2018-03-08', 0, 1, 12, 0),
(22265, '2018-03-08', 0, 1, 13, 0),
(22266, '2018-03-08', 0, 1, 14, 0),
(22267, '2018-03-08', 0, 1, 60, 0),
(22268, '2018-03-08', 20, 2, 3, 0),
(22269, '2018-03-08', 21, 2, 4, 0),
(22270, '2018-03-08', 17, 2, 5, 0),
(22271, '2018-03-08', 18, 2, 7, 0),
(22272, '2018-03-08', 19, 2, 9, 0),
(22273, '2018-03-09', 34, 1, 7, 0),
(22274, '2018-03-09', 33, 2, 6, 0),
(22275, '2018-03-09', 3, 3, 15, 0),
(22276, '2018-03-09', 13, 3, 16, 0),
(22277, '2018-03-09', 9, 3, 54, 0),
(22278, '2018-03-09', 8, 3, 53, 0),
(22279, '2018-03-09', 1, 3, 55, 0),
(22280, '2018-03-09', 0, 3, 57, 0),
(22281, '2018-03-09', 20, 1, 1, 0),
(22282, '2018-03-09', 21, 1, 26, 0),
(22283, '2018-03-09', 6, 1, 3, 0),
(22284, '2018-03-09', 7, 1, 4, 0),
(22285, '2018-03-09', 14, 1, 5, 0),
(22286, '2018-03-09', 15, 1, 6, 0),
(22287, '2018-03-09', 16, 1, 8, 0),
(22288, '2018-03-09', 17, 1, 9, 0),
(22289, '2018-03-09', 18, 1, 10, 0),
(22290, '2018-03-09', 19, 1, 11, 0),
(22291, '2018-03-09', 0, 1, 12, 0),
(22292, '2018-03-09', 0, 1, 13, 0),
(22293, '2018-03-09', 0, 1, 14, 0),
(22294, '2018-03-09', 0, 1, 60, 0),
(22295, '2018-03-09', 22, 2, 3, 0),
(22296, '2018-03-09', 23, 2, 4, 0),
(22297, '2018-03-09', 24, 2, 5, 0),
(22298, '2018-03-09', 25, 2, 7, 0),
(22299, '2018-03-09', 26, 2, 9, 0),
(22300, '2018-03-10', 15, 3, 15, 0),
(22301, '2018-03-10', 16, 3, 16, 0),
(22302, '2018-03-10', 6, 3, 54, 0),
(22303, '2018-03-10', 7, 3, 53, 0),
(22304, '2018-03-10', 14, 3, 55, 0),
(22305, '2018-03-10', 0, 3, 57, 0),
(22306, '2018-03-10', 20, 1, 1, 0),
(22307, '2018-03-10', 21, 1, 3, 0),
(22308, '2018-03-11', 20, 3, 15, 0),
(22309, '2018-03-11', 21, 3, 16, 0),
(22310, '2018-03-11', 17, 3, 54, 0),
(22311, '2018-03-11', 18, 3, 53, 0),
(22312, '2018-03-11', 19, 3, 55, 0),
(22313, '2018-03-11', 0, 3, 57, 0),
(22314, '2018-03-11', 0, 3, 58, 0),
(22315, '2018-03-12', 34, 1, 7, 0),
(22316, '2018-03-12', 33, 2, 6, 0),
(22317, '2018-03-12', 31, 1, 1, 0),
(22318, '2018-03-12', 32, 1, 26, 0),
(22319, '2018-03-12', 5, 1, 3, 0),
(22320, '2018-03-12', 4, 1, 4, 0),
(22321, '2018-03-12', 10, 1, 5, 0),
(22322, '2018-03-12', 12, 1, 6, 0),
(22323, '2018-03-12', 2, 1, 8, 0),
(22324, '2018-03-12', 28, 1, 9, 0),
(22325, '2018-03-12', 29, 1, 10, 0),
(22326, '2018-03-12', 30, 1, 11, 0),
(22327, '2018-03-12', 0, 1, 12, 0),
(22328, '2018-03-12', 0, 1, 13, 0),
(22329, '2018-03-12', 0, 1, 14, 0),
(22330, '2018-03-12', 0, 1, 60, 0),
(22331, '2018-03-12', 3, 2, 3, 0),
(22332, '2018-03-12', 13, 2, 4, 0),
(22333, '2018-03-12', 9, 2, 5, 0),
(22334, '2018-03-12', 8, 2, 7, 0),
(22335, '2018-03-12', 1, 2, 9, 0),
(22336, '2018-03-12', 22, 3, 15, 0),
(22337, '2018-03-12', 23, 3, 16, 0),
(22338, '2018-03-12', 24, 3, 54, 0),
(22339, '2018-03-12', 25, 3, 53, 0),
(22340, '2018-03-12', 26, 3, 55, 0),
(22341, '2018-03-12', 27, 3, 57, 0),
(22342, '2018-03-13', 34, 1, 7, 0),
(22343, '2018-03-13', 33, 2, 6, 0),
(22344, '2018-03-13', 3, 1, 1, 0),
(22345, '2018-03-13', 13, 1, 26, 0),
(22346, '2018-03-13', 5, 1, 3, 0),
(22347, '2018-03-13', 4, 1, 4, 0),
(22348, '2018-03-13', 10, 1, 5, 0),
(22349, '2018-03-13', 12, 1, 6, 0),
(22350, '2018-03-13', 2, 1, 8, 0),
(22351, '2018-03-13', 9, 1, 9, 0),
(22352, '2018-03-13', 8, 1, 10, 0),
(22353, '2018-03-13', 1, 1, 11, 0),
(22354, '2018-03-13', 0, 1, 12, 0),
(22355, '2018-03-13', 0, 1, 13, 0),
(22356, '2018-03-13', 0, 1, 14, 0),
(22357, '2018-03-13', 0, 1, 60, 0),
(22358, '2018-03-13', 15, 2, 3, 0),
(22359, '2018-03-13', 16, 2, 4, 0),
(22360, '2018-03-13', 6, 2, 5, 0),
(22361, '2018-03-13', 7, 2, 7, 0),
(22362, '2018-03-13', 14, 2, 9, 0),
(22363, '2018-03-13', 31, 3, 15, 0),
(22364, '2018-03-13', 32, 3, 16, 0),
(22365, '2018-03-13', 28, 3, 54, 0),
(22366, '2018-03-13', 29, 3, 53, 0),
(22367, '2018-03-13', 30, 3, 55, 0),
(22368, '2018-03-13', 0, 3, 57, 0),
(22369, '2018-03-14', 34, 1, 7, 0),
(22370, '2018-03-14', 33, 2, 6, 0),
(22371, '2018-03-14', 2, 3, 15, 0),
(22372, '2018-03-14', 5, 3, 16, 0),
(22373, '2018-03-14', 4, 3, 54, 0),
(22374, '2018-03-14', 10, 3, 53, 0),
(22375, '2018-03-14', 12, 3, 55, 0),
(22376, '2018-03-14', 0, 3, 57, 0),
(22377, '2018-03-14', 16, 1, 1, 0),
(22378, '2018-03-14', 9, 1, 26, 0),
(22379, '2018-03-14', 8, 1, 3, 0),
(22380, '2018-03-14', 1, 1, 4, 0),
(22381, '2018-03-14', 3, 1, 5, 0),
(22382, '2018-03-14', 13, 1, 6, 0),
(22383, '2018-03-14', 6, 1, 8, 0),
(22384, '2018-03-14', 7, 1, 9, 0),
(22385, '2018-03-14', 14, 1, 10, 0),
(22386, '2018-03-14', 15, 1, 11, 0),
(22387, '2018-03-14', 0, 1, 12, 0),
(22388, '2018-03-14', 0, 1, 13, 0),
(22389, '2018-03-14', 0, 1, 14, 0),
(22390, '2018-03-14', 0, 1, 60, 0),
(22391, '2018-03-14', 21, 2, 3, 0),
(22392, '2018-03-14', 17, 2, 4, 0),
(22393, '2018-03-14', 18, 2, 5, 0),
(22394, '2018-03-14', 19, 2, 7, 0),
(22395, '2018-03-14', 20, 2, 9, 0),
(22396, '2018-03-15', 34, 1, 7, 0),
(22397, '2018-03-15', 33, 2, 6, 0),
(22398, '2018-03-15', 13, 3, 15, 0),
(22399, '2018-03-15', 9, 3, 16, 0),
(22400, '2018-03-15', 8, 3, 54, 0),
(22401, '2018-03-15', 1, 3, 53, 0),
(22402, '2018-03-15', 3, 3, 55, 0),
(22403, '2018-03-15', 0, 3, 57, 0),
(22404, '2018-03-15', 21, 1, 1, 0),
(22405, '2018-03-15', 6, 1, 26, 0),
(22406, '2018-03-15', 7, 1, 3, 0),
(22407, '2018-03-15', 14, 1, 4, 0),
(22408, '2018-03-15', 15, 1, 5, 0),
(22409, '2018-03-15', 16, 1, 6, 0),
(22410, '2018-03-15', 17, 1, 8, 0),
(22411, '2018-03-15', 18, 1, 9, 0),
(22412, '2018-03-15', 19, 1, 10, 0),
(22413, '2018-03-15', 20, 1, 11, 0),
(22414, '2018-03-15', 0, 1, 12, 0),
(22415, '2018-03-15', 0, 1, 13, 0),
(22416, '2018-03-15', 0, 1, 14, 0),
(22417, '2018-03-15', 0, 1, 60, 0),
(22418, '2018-03-15', 23, 2, 3, 0),
(22419, '2018-03-15', 24, 2, 4, 0),
(22420, '2018-03-15', 25, 2, 5, 0),
(22421, '2018-03-15', 26, 2, 7, 0),
(22422, '2018-03-15', 27, 2, 9, 0),
(22423, '2018-03-16', 34, 1, 7, 0),
(22424, '2018-03-16', 33, 2, 6, 0),
(22425, '2018-03-16', 16, 3, 15, 0),
(22426, '2018-03-16', 6, 3, 16, 0),
(22427, '2018-03-16', 7, 3, 54, 0),
(22428, '2018-03-16', 14, 3, 53, 0),
(22429, '2018-03-16', 15, 3, 55, 0),
(22430, '2018-03-16', 0, 3, 57, 0),
(22431, '2018-03-16', 21, 1, 1, 0),
(22432, '2018-03-16', 22, 1, 26, 0),
(22433, '2018-03-16', 23, 1, 3, 0),
(22434, '2018-03-16', 24, 1, 4, 0),
(22435, '2018-03-16', 25, 1, 5, 0),
(22436, '2018-03-16', 26, 1, 6, 0),
(22437, '2018-03-16', 27, 1, 8, 0),
(22438, '2018-03-16', 17, 1, 9, 0),
(22439, '2018-03-16', 18, 1, 10, 0),
(22440, '2018-03-16', 19, 1, 11, 0),
(22441, '2018-03-16', 20, 1, 12, 0),
(22442, '2018-03-16', 0, 1, 13, 0),
(22443, '2018-03-16', 0, 1, 14, 0),
(22444, '2018-03-16', 0, 1, 60, 0),
(22445, '2018-03-16', 32, 2, 3, 0),
(22446, '2018-03-16', 28, 2, 4, 0),
(22447, '2018-03-16', 29, 2, 5, 0),
(22448, '2018-03-16', 30, 2, 7, 0),
(22449, '2018-03-16', 31, 2, 9, 0),
(22450, '2018-03-17', 21, 3, 15, 0),
(22451, '2018-03-17', 17, 3, 16, 0),
(22452, '2018-03-17', 18, 3, 54, 0),
(22453, '2018-03-17', 19, 3, 53, 0),
(22454, '2018-03-17', 20, 3, 55, 0),
(22455, '2018-03-17', 0, 3, 57, 0),
(22456, '2018-03-17', 26, 1, 1, 0),
(22457, '2018-03-17', 27, 1, 3, 0),
(22458, '2018-03-18', 23, 3, 15, 0),
(22459, '2018-03-18', 24, 3, 16, 0),
(22460, '2018-03-18', 25, 3, 54, 0),
(22461, '2018-03-18', 26, 3, 53, 0),
(22462, '2018-03-18', 27, 3, 55, 0),
(22463, '2018-03-18', 22, 3, 57, 0),
(22464, '2018-03-18', 0, 3, 58, 0),
(22465, '2018-03-19', 32, 3, 15, 0),
(22466, '2018-03-19', 28, 3, 16, 0),
(22467, '2018-03-19', 29, 3, 54, 0),
(22468, '2018-03-19', 30, 3, 53, 0),
(22469, '2018-03-19', 31, 3, 55, 0),
(22470, '2018-03-19', 0, 3, 57, 0),
(22471, '2018-03-19', 0, 3, 58, 0),
(22472, '2018-03-20', 34, 1, 7, 0),
(22473, '2018-03-20', 33, 2, 6, 0),
(22474, '2018-03-20', 5, 3, 15, 0),
(22475, '2018-03-20', 4, 3, 16, 0),
(22476, '2018-03-20', 10, 3, 54, 0),
(22477, '2018-03-20', 12, 3, 53, 0),
(22478, '2018-03-20', 2, 3, 55, 0),
(22479, '2018-03-20', 0, 3, 57, 0),
(22480, '2018-03-20', 9, 1, 1, 0),
(22481, '2018-03-20', 8, 1, 26, 0),
(22482, '2018-03-20', 1, 1, 3, 0),
(22483, '2018-03-20', 3, 1, 4, 0),
(22484, '2018-03-20', 13, 1, 5, 0),
(22485, '2018-03-20', 6, 1, 6, 0),
(22486, '2018-03-20', 7, 1, 8, 0),
(22487, '2018-03-20', 14, 1, 9, 0),
(22488, '2018-03-20', 15, 1, 10, 0),
(22489, '2018-03-20', 16, 1, 11, 0),
(22490, '2018-03-20', 0, 1, 12, 0),
(22491, '2018-03-20', 0, 1, 13, 0),
(22492, '2018-03-20', 0, 1, 14, 0),
(22493, '2018-03-20', 0, 1, 60, 0),
(22494, '2018-03-20', 17, 2, 3, 0),
(22495, '2018-03-20', 18, 2, 4, 0),
(22496, '2018-03-20', 19, 2, 5, 0),
(22497, '2018-03-20', 20, 2, 7, 0),
(22498, '2018-03-20', 21, 2, 9, 0),
(22499, '2018-03-21', 34, 1, 7, 0),
(22500, '2018-03-21', 33, 2, 6, 0),
(22501, '2018-03-21', 9, 3, 15, 0),
(22502, '2018-03-21', 8, 3, 16, 0),
(22503, '2018-03-21', 1, 3, 54, 0),
(22504, '2018-03-21', 3, 3, 53, 0),
(22505, '2018-03-21', 13, 3, 55, 0),
(22506, '2018-03-21', 0, 3, 57, 0),
(22507, '2018-03-21', 6, 1, 1, 0),
(22508, '2018-03-21', 7, 1, 26, 0),
(22509, '2018-03-21', 14, 1, 3, 0),
(22510, '2018-03-21', 15, 1, 4, 0),
(22511, '2018-03-21', 16, 1, 5, 0),
(22512, '2018-03-21', 17, 1, 6, 0),
(22513, '2018-03-21', 18, 1, 8, 0),
(22514, '2018-03-21', 19, 1, 9, 0),
(22515, '2018-03-21', 20, 1, 10, 0),
(22516, '2018-03-21', 21, 1, 11, 0),
(22517, '2018-03-21', 0, 1, 12, 0),
(22518, '2018-03-21', 0, 1, 13, 0),
(22519, '2018-03-21', 0, 1, 14, 0),
(22520, '2018-03-21', 0, 1, 60, 0),
(22521, '2018-03-21', 24, 2, 3, 0),
(22522, '2018-03-21', 25, 2, 4, 0),
(22523, '2018-03-21', 26, 2, 5, 0),
(22524, '2018-03-21', 27, 2, 7, 0),
(22525, '2018-03-21', 22, 2, 9, 0),
(22526, '2018-03-22', 34, 1, 7, 0),
(22527, '2018-03-22', 33, 2, 6, 0),
(22528, '2018-03-22', 6, 3, 15, 0),
(22529, '2018-03-22', 7, 3, 16, 0),
(22530, '2018-03-22', 14, 3, 54, 0),
(22531, '2018-03-22', 15, 3, 53, 0),
(22532, '2018-03-22', 16, 3, 55, 0),
(22533, '2018-03-22', 0, 3, 57, 0),
(22534, '2018-03-22', 22, 1, 1, 0),
(22535, '2018-03-22', 23, 1, 26, 0),
(22536, '2018-03-22', 24, 1, 3, 0),
(22537, '2018-03-22', 25, 1, 4, 0),
(22538, '2018-03-22', 26, 1, 5, 0),
(22539, '2018-03-22', 27, 1, 6, 0),
(22540, '2018-03-22', 17, 1, 8, 0),
(22541, '2018-03-22', 18, 1, 9, 0),
(22542, '2018-03-22', 19, 1, 10, 0),
(22543, '2018-03-22', 20, 1, 11, 0),
(22544, '2018-03-22', 21, 1, 12, 0),
(22545, '2018-03-22', 0, 1, 13, 0),
(22546, '2018-03-22', 0, 1, 14, 0),
(22547, '2018-03-22', 0, 1, 60, 0),
(22548, '2018-03-22', 28, 2, 3, 0),
(22549, '2018-03-22', 29, 2, 4, 0),
(22550, '2018-03-22', 30, 2, 5, 0),
(22551, '2018-03-22', 31, 2, 7, 0),
(22552, '2018-03-22', 32, 2, 9, 0),
(22553, '2018-03-23', 17, 3, 15, 0),
(22554, '2018-03-23', 18, 3, 16, 0),
(22555, '2018-03-23', 19, 3, 54, 0),
(22556, '2018-03-23', 20, 3, 53, 0),
(22557, '2018-03-23', 21, 3, 55, 0),
(22558, '2018-03-23', 0, 3, 57, 0),
(22559, '2018-03-23', 0, 3, 58, 0),
(22560, '2018-03-24', 5, 1, 1, 0),
(22561, '2018-03-24', 4, 1, 3, 0),
(22562, '2018-03-24', 24, 3, 15, 0),
(22563, '2018-03-24', 25, 3, 16, 0),
(22564, '2018-03-24', 26, 3, 54, 0),
(22565, '2018-03-24', 27, 3, 53, 0),
(22566, '2018-03-24', 22, 3, 55, 0),
(22567, '2018-03-24', 23, 3, 57, 0),
(22568, '2018-03-25', 28, 3, 15, 0),
(22569, '2018-03-25', 29, 3, 16, 0),
(22570, '2018-03-25', 30, 3, 54, 0),
(22571, '2018-03-25', 31, 3, 53, 0),
(22572, '2018-03-25', 32, 3, 55, 0),
(22573, '2018-03-25', 0, 3, 57, 0),
(22574, '2018-03-25', 0, 3, 58, 0),
(22575, '2018-03-26', 34, 1, 7, 0),
(22576, '2018-03-26', 33, 2, 6, 0),
(22577, '2018-03-26', 4, 3, 15, 0),
(22578, '2018-03-26', 10, 3, 16, 0),
(22579, '2018-03-26', 12, 3, 54, 0),
(22580, '2018-03-26', 2, 3, 53, 0),
(22581, '2018-03-26', 5, 3, 55, 0),
(22582, '2018-03-26', 0, 3, 57, 0),
(22583, '2018-03-26', 8, 1, 1, 0),
(22584, '2018-03-26', 1, 1, 26, 0),
(22585, '2018-03-26', 3, 1, 3, 0),
(22586, '2018-03-26', 13, 1, 4, 0),
(22587, '2018-03-26', 6, 1, 5, 0),
(22588, '2018-03-26', 7, 1, 6, 0),
(22589, '2018-03-26', 14, 1, 8, 0),
(22590, '2018-03-26', 15, 1, 9, 0),
(22591, '2018-03-26', 16, 1, 10, 0),
(22592, '2018-03-26', 9, 1, 11, 0),
(22593, '2018-03-26', 0, 1, 12, 0),
(22594, '2018-03-26', 0, 1, 13, 0),
(22595, '2018-03-26', 0, 1, 14, 0),
(22596, '2018-03-26', 0, 1, 60, 0),
(22597, '2018-03-26', 18, 2, 3, 0),
(22598, '2018-03-26', 19, 2, 4, 0),
(22599, '2018-03-26', 20, 2, 5, 0),
(22600, '2018-03-26', 21, 2, 7, 0),
(22601, '2018-03-26', 17, 2, 9, 0),
(22602, '2018-03-27', 34, 1, 7, 0),
(22603, '2018-03-27', 33, 2, 6, 0),
(22604, '2018-03-27', 8, 3, 15, 0),
(22605, '2018-03-27', 1, 3, 16, 0),
(22606, '2018-03-27', 3, 3, 54, 0),
(22607, '2018-03-27', 13, 3, 53, 0),
(22608, '2018-03-27', 9, 3, 55, 0),
(22609, '2018-03-27', 0, 3, 57, 0),
(22610, '2018-03-27', 7, 1, 1, 0),
(22611, '2018-03-27', 14, 1, 26, 0),
(22612, '2018-03-27', 15, 1, 3, 0),
(22613, '2018-03-27', 16, 1, 4, 0),
(22614, '2018-03-27', 17, 1, 5, 0),
(22615, '2018-03-27', 18, 1, 6, 0),
(22616, '2018-03-27', 19, 1, 8, 0),
(22617, '2018-03-27', 20, 1, 9, 0),
(22618, '2018-03-27', 21, 1, 10, 0),
(22619, '2018-03-27', 6, 1, 11, 0),
(22620, '2018-03-27', 0, 1, 12, 0),
(22621, '2018-03-27', 0, 1, 13, 0),
(22622, '2018-03-27', 0, 1, 14, 0),
(22623, '2018-03-27', 0, 1, 60, 0),
(22624, '2018-03-27', 25, 2, 3, 0),
(22625, '2018-03-27', 26, 2, 4, 0),
(22626, '2018-03-27', 27, 2, 5, 0),
(22627, '2018-03-27', 22, 2, 7, 0),
(22628, '2018-03-27', 23, 2, 9, 0),
(22629, '2018-03-28', 34, 1, 7, 0),
(22630, '2018-03-28', 33, 2, 6, 0),
(22631, '2018-03-28', 7, 3, 15, 0),
(22632, '2018-03-28', 14, 3, 16, 0),
(22633, '2018-03-28', 15, 3, 54, 0),
(22634, '2018-03-28', 16, 3, 53, 0),
(22635, '2018-03-28', 6, 3, 55, 0),
(22636, '2018-03-28', 0, 3, 57, 0),
(22637, '2018-03-28', 23, 1, 1, 0),
(22638, '2018-03-28', 24, 1, 26, 0),
(22639, '2018-03-28', 25, 1, 3, 0),
(22640, '2018-03-28', 26, 1, 4, 0),
(22641, '2018-03-28', 27, 1, 5, 0),
(22642, '2018-03-28', 17, 1, 6, 0),
(22643, '2018-03-28', 18, 1, 8, 0),
(22644, '2018-03-28', 19, 1, 9, 0),
(22645, '2018-03-28', 20, 1, 10, 0),
(22646, '2018-03-28', 21, 1, 11, 0),
(22647, '2018-03-28', 22, 1, 12, 0),
(22648, '2018-03-28', 0, 1, 13, 0),
(22649, '2018-03-28', 0, 1, 14, 0),
(22650, '2018-03-28', 0, 1, 60, 0),
(22651, '2018-03-28', 29, 2, 3, 0),
(22652, '2018-03-28', 30, 2, 4, 0),
(22653, '2018-03-28', 31, 2, 5, 0),
(22654, '2018-03-28', 32, 2, 7, 0),
(22655, '2018-03-28', 28, 2, 9, 0),
(22656, '2018-03-29', 18, 3, 15, 0),
(22657, '2018-03-29', 19, 3, 16, 0),
(22658, '2018-03-29', 20, 3, 54, 0),
(22659, '2018-03-29', 21, 3, 53, 0),
(22660, '2018-03-29', 17, 3, 55, 0),
(22661, '2018-03-29', 0, 3, 57, 0),
(22662, '2018-03-29', 0, 3, 58, 0),
(22663, '2018-03-30', 25, 3, 15, 0),
(22664, '2018-03-30', 26, 3, 16, 0),
(22665, '2018-03-30', 27, 3, 54, 0),
(22666, '2018-03-30', 22, 3, 53, 0),
(22667, '2018-03-30', 23, 3, 55, 0),
(22668, '2018-03-30', 24, 3, 57, 0),
(22669, '2018-03-30', 0, 3, 58, 0),
(22670, '2018-03-31', 4, 1, 1, 0),
(22671, '2018-03-31', 10, 1, 3, 0),
(22672, '2018-03-31', 29, 3, 15, 0),
(22673, '2018-03-31', 30, 3, 16, 0),
(22674, '2018-03-31', 31, 3, 54, 0),
(22675, '2018-03-31', 32, 3, 53, 0),
(22676, '2018-03-31', 28, 3, 55, 0),
(22677, '2018-03-31', 0, 3, 57, 0),
(22678, '2018-04-01', 10, 3, 15, 0),
(22679, '2018-04-01', 12, 3, 16, 0),
(22680, '2018-04-01', 2, 3, 54, 0),
(22681, '2018-04-01', 5, 3, 53, 0),
(22682, '2018-04-01', 4, 3, 55, 0),
(22683, '2018-04-01', 0, 3, 57, 0),
(22684, '2018-04-01', 0, 3, 58, 0),
(22685, '2018-04-02', 34, 1, 7, 0),
(22686, '2018-04-02', 33, 2, 6, 0),
(22687, '2018-04-02', 1, 3, 15, 0),
(22688, '2018-04-02', 3, 3, 16, 0),
(22689, '2018-04-02', 13, 3, 54, 0),
(22690, '2018-04-02', 9, 3, 53, 0),
(22691, '2018-04-02', 8, 3, 55, 0),
(22692, '2018-04-02', 0, 3, 57, 0),
(22693, '2018-04-02', 14, 1, 1, 0),
(22694, '2018-04-02', 15, 1, 26, 0),
(22695, '2018-04-02', 16, 1, 3, 0),
(22696, '2018-04-02', 17, 1, 4, 0),
(22697, '2018-04-02', 18, 1, 5, 0),
(22698, '2018-04-02', 19, 1, 6, 0),
(22699, '2018-04-02', 20, 1, 8, 0),
(22700, '2018-04-02', 21, 1, 9, 0),
(22701, '2018-04-02', 6, 1, 10, 0),
(22702, '2018-04-02', 7, 1, 11, 0),
(22703, '2018-04-02', 0, 1, 12, 0),
(22704, '2018-04-02', 0, 1, 13, 0),
(22705, '2018-04-02', 0, 1, 14, 0),
(22706, '2018-04-02', 0, 1, 60, 0),
(22707, '2018-04-02', 26, 2, 3, 0),
(22708, '2018-04-02', 27, 2, 4, 0),
(22709, '2018-04-02', 22, 2, 5, 0),
(22710, '2018-04-02', 23, 2, 7, 0),
(22711, '2018-04-02', 24, 2, 9, 0),
(22712, '2018-04-03', 34, 1, 7, 0),
(22713, '2018-04-03', 33, 2, 6, 0),
(22714, '2018-04-03', 14, 3, 15, 0),
(22715, '2018-04-03', 15, 3, 16, 0),
(22716, '2018-04-03', 16, 3, 54, 0),
(22717, '2018-04-03', 6, 3, 53, 0),
(22718, '2018-04-03', 7, 3, 55, 0),
(22719, '2018-04-03', 0, 3, 57, 0),
(22720, '2018-04-03', 24, 1, 1, 0),
(22721, '2018-04-03', 25, 1, 26, 0),
(22722, '2018-04-03', 26, 1, 3, 0),
(22723, '2018-04-03', 27, 1, 4, 0),
(22724, '2018-04-03', 17, 1, 5, 0),
(22725, '2018-04-03', 18, 1, 6, 0),
(22726, '2018-04-03', 19, 1, 8, 0),
(22727, '2018-04-03', 20, 1, 9, 0),
(22728, '2018-04-03', 21, 1, 10, 0),
(22729, '2018-04-03', 22, 1, 11, 0),
(22730, '2018-04-03', 23, 1, 12, 0),
(22731, '2018-04-03', 0, 1, 13, 0),
(22732, '2018-04-03', 0, 1, 14, 0),
(22733, '2018-04-03', 0, 1, 60, 0),
(22734, '2018-04-03', 30, 2, 3, 0),
(22735, '2018-04-03', 31, 2, 4, 0),
(22736, '2018-04-03', 32, 2, 5, 0),
(22737, '2018-04-03', 28, 2, 7, 0),
(22738, '2018-04-03', 29, 2, 9, 0),
(22739, '2018-04-04', 34, 1, 7, 0),
(22740, '2018-04-04', 33, 2, 6, 0),
(22741, '2018-04-04', 10, 2, 3, 0),
(22742, '2018-04-04', 12, 2, 4, 0),
(22743, '2018-04-04', 2, 2, 5, 0),
(22744, '2018-04-04', 5, 2, 7, 0),
(22745, '2018-04-04', 4, 2, 9, 0),
(22746, '2018-04-04', 19, 3, 15, 0),
(22747, '2018-04-04', 20, 3, 16, 0),
(22748, '2018-04-04', 21, 3, 54, 0),
(22749, '2018-04-04', 17, 3, 53, 0),
(22750, '2018-04-04', 18, 3, 55, 0),
(22751, '2018-04-04', 0, 3, 57, 0),
(22752, '2018-04-04', 29, 1, 1, 0),
(22753, '2018-04-04', 30, 1, 26, 0),
(22754, '2018-04-04', 31, 1, 3, 0),
(22755, '2018-04-04', 32, 1, 4, 0),
(22756, '2018-04-04', 22, 1, 5, 0),
(22757, '2018-04-04', 23, 1, 6, 0),
(22758, '2018-04-04', 24, 1, 8, 0),
(22759, '2018-04-04', 25, 1, 9, 0),
(22760, '2018-04-04', 26, 1, 10, 0),
(22761, '2018-04-04', 27, 1, 11, 0),
(22762, '2018-04-04', 28, 1, 12, 0),
(22763, '2018-04-04', 0, 1, 13, 0),
(22764, '2018-04-04', 0, 1, 14, 0),
(22765, '2018-04-04', 0, 1, 60, 0),
(22766, '2018-04-05', 34, 1, 7, 0),
(22767, '2018-04-05', 33, 2, 6, 0),
(22768, '2018-04-05', 10, 1, 1, 0),
(22769, '2018-04-05', 12, 1, 26, 0),
(22770, '2018-04-05', 2, 1, 3, 0),
(22771, '2018-04-05', 28, 1, 4, 0),
(22772, '2018-04-05', 29, 1, 5, 0),
(22773, '2018-04-05', 30, 1, 6, 0),
(22774, '2018-04-05', 31, 1, 8, 0),
(22775, '2018-04-05', 32, 1, 9, 0),
(22776, '2018-04-05', 5, 1, 10, 0),
(22777, '2018-04-05', 4, 1, 11, 0),
(22778, '2018-04-05', 0, 1, 12, 0),
(22779, '2018-04-05', 0, 1, 13, 0),
(22780, '2018-04-05', 0, 1, 14, 0),
(22781, '2018-04-05', 0, 1, 60, 0),
(22782, '2018-04-05', 1, 2, 3, 0),
(22783, '2018-04-05', 3, 2, 4, 0),
(22784, '2018-04-05', 13, 2, 5, 0),
(22785, '2018-04-05', 9, 2, 7, 0),
(22786, '2018-04-05', 8, 2, 9, 0),
(22787, '2018-04-05', 26, 3, 15, 0),
(22788, '2018-04-05', 27, 3, 16, 0),
(22789, '2018-04-05', 22, 3, 54, 0),
(22790, '2018-04-05', 23, 3, 53, 0),
(22791, '2018-04-05', 24, 3, 55, 0),
(22792, '2018-04-05', 25, 3, 57, 0),
(22793, '2018-04-06', 34, 1, 7, 0),
(22794, '2018-04-06', 33, 2, 6, 0),
(22795, '2018-04-06', 10, 1, 1, 0),
(22796, '2018-04-06', 12, 1, 26, 0),
(22797, '2018-04-06', 2, 1, 3, 0),
(22798, '2018-04-06', 9, 1, 4, 0),
(22799, '2018-04-06', 8, 1, 5, 0),
(22800, '2018-04-06', 1, 1, 6, 0),
(22801, '2018-04-06', 3, 1, 8, 0),
(22802, '2018-04-06', 13, 1, 9, 0),
(22803, '2018-04-06', 5, 1, 10, 0),
(22804, '2018-04-06', 4, 1, 11, 0),
(22805, '2018-04-06', 0, 1, 12, 0),
(22806, '2018-04-06', 0, 1, 13, 0),
(22807, '2018-04-06', 0, 1, 14, 0),
(22808, '2018-04-06', 0, 1, 60, 0),
(22809, '2018-04-06', 14, 2, 3, 0),
(22810, '2018-04-06', 15, 2, 4, 0),
(22811, '2018-04-06', 16, 2, 5, 0),
(22812, '2018-04-06', 6, 2, 7, 0),
(22813, '2018-04-06', 7, 2, 9, 0),
(22814, '2018-04-06', 30, 3, 15, 0),
(22815, '2018-04-06', 31, 3, 16, 0),
(22816, '2018-04-06', 32, 3, 54, 0),
(22817, '2018-04-06', 28, 3, 53, 0),
(22818, '2018-04-06', 29, 3, 55, 0),
(22819, '2018-04-06', 0, 3, 57, 0),
(22820, '2018-04-07', 12, 3, 15, 0),
(22821, '2018-04-07', 2, 3, 16, 0),
(22822, '2018-04-07', 5, 3, 54, 0),
(22823, '2018-04-07', 4, 3, 53, 0),
(22824, '2018-04-07', 10, 3, 55, 0),
(22825, '2018-04-07', 0, 3, 57, 0),
(22826, '2018-04-07', 3, 1, 1, 0),
(22827, '2018-04-07', 13, 1, 3, 0),
(22828, '2018-04-08', 3, 3, 15, 0),
(22829, '2018-04-08', 13, 3, 16, 0),
(22830, '2018-04-08', 9, 3, 54, 0),
(22831, '2018-04-08', 8, 3, 53, 0),
(22832, '2018-04-08', 1, 3, 55, 0),
(22833, '2018-04-08', 0, 3, 57, 0),
(22834, '2018-04-08', 0, 3, 58, 0),
(22835, '2018-04-09', 34, 1, 7, 0),
(22836, '2018-04-09', 33, 2, 6, 0),
(22837, '2018-04-09', 15, 3, 15, 0),
(22838, '2018-04-09', 16, 3, 16, 0),
(22839, '2018-04-09', 6, 3, 54, 0),
(22840, '2018-04-09', 7, 3, 53, 0),
(22841, '2018-04-09', 14, 3, 55, 0),
(22842, '2018-04-09', 0, 3, 57, 0),
(22843, '2018-04-09', 25, 1, 1, 0),
(22844, '2018-04-09', 26, 1, 26, 0),
(22845, '2018-04-09', 27, 1, 3, 0),
(22846, '2018-04-09', 17, 1, 4, 0),
(22847, '2018-04-09', 18, 1, 5, 0),
(22848, '2018-04-09', 19, 1, 6, 0),
(22849, '2018-04-09', 20, 1, 8, 0),
(22850, '2018-04-09', 21, 1, 9, 0),
(22851, '2018-04-09', 22, 1, 10, 0),
(22852, '2018-04-09', 23, 1, 11, 0),
(22853, '2018-04-09', 24, 1, 12, 0),
(22854, '2018-04-09', 0, 1, 13, 0),
(22855, '2018-04-09', 0, 1, 14, 0),
(22856, '2018-04-09', 0, 1, 60, 0),
(22857, '2018-04-09', 31, 2, 3, 0),
(22858, '2018-04-09', 32, 2, 4, 0),
(22859, '2018-04-09', 28, 2, 5, 0),
(22860, '2018-04-09', 29, 2, 7, 0),
(22861, '2018-04-09', 30, 2, 9, 0),
(22862, '2018-04-10', 34, 1, 7, 0),
(22863, '2018-04-10', 33, 2, 6, 0),
(22864, '2018-04-10', 12, 2, 3, 0),
(22865, '2018-04-10', 2, 2, 4, 0),
(22866, '2018-04-10', 5, 2, 5, 0),
(22867, '2018-04-10', 4, 2, 7, 0),
(22868, '2018-04-10', 10, 2, 9, 0),
(22869, '2018-04-10', 20, 3, 15, 0),
(22870, '2018-04-10', 21, 3, 16, 0),
(22871, '2018-04-10', 17, 3, 54, 0),
(22872, '2018-04-10', 18, 3, 53, 0),
(22873, '2018-04-10', 19, 3, 55, 0),
(22874, '2018-04-10', 0, 3, 57, 0),
(22875, '2018-04-10', 30, 1, 1, 0),
(22876, '2018-04-10', 31, 1, 26, 0),
(22877, '2018-04-10', 32, 1, 3, 0),
(22878, '2018-04-10', 22, 1, 4, 0),
(22879, '2018-04-10', 23, 1, 5, 0),
(22880, '2018-04-10', 24, 1, 6, 0),
(22881, '2018-04-10', 25, 1, 8, 0),
(22882, '2018-04-10', 26, 1, 9, 0),
(22883, '2018-04-10', 27, 1, 10, 0),
(22884, '2018-04-10', 28, 1, 11, 0),
(22885, '2018-04-10', 29, 1, 12, 0),
(22886, '2018-04-10', 0, 1, 13, 0),
(22887, '2018-04-10', 0, 1, 14, 0),
(22888, '2018-04-10', 0, 1, 60, 0),
(22889, '2018-04-11', 34, 1, 7, 0),
(22890, '2018-04-11', 33, 2, 6, 0),
(22891, '2018-04-11', 12, 1, 1, 0),
(22892, '2018-04-11', 2, 1, 26, 0),
(22893, '2018-04-11', 28, 1, 3, 0),
(22894, '2018-04-11', 29, 1, 4, 0),
(22895, '2018-04-11', 30, 1, 5, 0),
(22896, '2018-04-11', 31, 1, 6, 0),
(22897, '2018-04-11', 32, 1, 8, 0),
(22898, '2018-04-11', 5, 1, 9, 0),
(22899, '2018-04-11', 4, 1, 10, 0),
(22900, '2018-04-11', 10, 1, 11, 0),
(22901, '2018-04-11', 0, 1, 12, 0),
(22902, '2018-04-11', 0, 1, 13, 0),
(22903, '2018-04-11', 0, 1, 14, 0),
(22904, '2018-04-11', 0, 1, 60, 0),
(22905, '2018-04-11', 3, 2, 3, 0),
(22906, '2018-04-11', 13, 2, 4, 0),
(22907, '2018-04-11', 9, 2, 5, 0),
(22908, '2018-04-11', 8, 2, 7, 0),
(22909, '2018-04-11', 1, 2, 9, 0),
(22910, '2018-04-11', 27, 3, 15, 0),
(22911, '2018-04-11', 22, 3, 16, 0),
(22912, '2018-04-11', 23, 3, 54, 0),
(22913, '2018-04-11', 24, 3, 53, 0),
(22914, '2018-04-11', 25, 3, 55, 0),
(22915, '2018-04-11', 26, 3, 57, 0),
(22916, '2018-04-12', 34, 1, 7, 0),
(22917, '2018-04-12', 33, 2, 6, 0),
(22918, '2018-04-12', 12, 1, 1, 0),
(22919, '2018-04-12', 2, 1, 26, 0),
(22920, '2018-04-12', 9, 1, 3, 0),
(22921, '2018-04-12', 8, 1, 4, 0),
(22922, '2018-04-12', 1, 1, 5, 0),
(22923, '2018-04-12', 3, 1, 6, 0),
(22924, '2018-04-12', 13, 1, 8, 0),
(22925, '2018-04-12', 5, 1, 9, 0),
(22926, '2018-04-12', 4, 1, 10, 0),
(22927, '2018-04-12', 10, 1, 11, 0),
(22928, '2018-04-12', 0, 1, 12, 0),
(22929, '2018-04-12', 0, 1, 13, 0),
(22930, '2018-04-12', 0, 1, 14, 0),
(22931, '2018-04-12', 0, 1, 60, 0),
(22932, '2018-04-12', 15, 2, 3, 0),
(22933, '2018-04-12', 16, 2, 4, 0),
(22934, '2018-04-12', 6, 2, 5, 0),
(22935, '2018-04-12', 7, 2, 7, 0),
(22936, '2018-04-12', 14, 2, 9, 0),
(22937, '2018-04-12', 31, 3, 15, 0),
(22938, '2018-04-12', 32, 3, 16, 0),
(22939, '2018-04-12', 28, 3, 54, 0),
(22940, '2018-04-12', 29, 3, 53, 0),
(22941, '2018-04-12', 30, 3, 55, 0),
(22942, '2018-04-12', 0, 3, 57, 0),
(22943, '2018-04-13', 34, 1, 7, 0),
(22944, '2018-04-13', 33, 2, 6, 0),
(22945, '2018-04-13', 2, 3, 15, 0),
(22946, '2018-04-13', 5, 3, 16, 0),
(22947, '2018-04-13', 4, 3, 54, 0),
(22948, '2018-04-13', 10, 3, 53, 0),
(22949, '2018-04-13', 12, 3, 55, 0),
(22950, '2018-04-13', 0, 3, 57, 0),
(22951, '2018-04-13', 13, 1, 1, 0),
(22952, '2018-04-13', 6, 1, 26, 0),
(22953, '2018-04-13', 7, 1, 3, 0),
(22954, '2018-04-13', 14, 1, 4, 0),
(22955, '2018-04-13', 15, 1, 5, 0),
(22956, '2018-04-13', 16, 1, 6, 0),
(22957, '2018-04-13', 9, 1, 8, 0),
(22958, '2018-04-13', 8, 1, 9, 0),
(22959, '2018-04-13', 1, 1, 10, 0),
(22960, '2018-04-13', 3, 1, 11, 0),
(22961, '2018-04-13', 0, 1, 12, 0),
(22962, '2018-04-13', 0, 1, 13, 0),
(22963, '2018-04-13', 0, 1, 14, 0),
(22964, '2018-04-13', 0, 1, 60, 0),
(22965, '2018-04-13', 21, 2, 3, 0),
(22966, '2018-04-13', 17, 2, 4, 0),
(22967, '2018-04-13', 18, 2, 5, 0),
(22968, '2018-04-13', 19, 2, 7, 0),
(22969, '2018-04-13', 20, 2, 9, 0),
(22970, '2018-04-14', 13, 3, 15, 0),
(22971, '2018-04-14', 9, 3, 16, 0),
(22972, '2018-04-14', 8, 3, 54, 0),
(22973, '2018-04-14', 1, 3, 53, 0),
(22974, '2018-04-14', 3, 3, 55, 0),
(22975, '2018-04-14', 0, 3, 57, 0),
(22976, '2018-04-14', 16, 1, 1, 0),
(22977, '2018-04-14', 17, 1, 3, 0),
(22978, '2018-04-15', 16, 3, 15, 0),
(22979, '2018-04-15', 6, 3, 16, 0),
(22980, '2018-04-15', 7, 3, 54, 0),
(22981, '2018-04-15', 14, 3, 53, 0),
(22982, '2018-04-15', 15, 3, 55, 0),
(22983, '2018-04-15', 0, 3, 57, 0),
(22984, '2018-04-15', 0, 3, 58, 0),
(22985, '2018-04-16', 34, 1, 7, 0),
(22986, '2018-04-16', 33, 2, 6, 0),
(22987, '2018-04-16', 2, 2, 3, 0),
(22988, '2018-04-16', 5, 2, 4, 0),
(22989, '2018-04-16', 4, 2, 5, 0),
(22990, '2018-04-16', 10, 2, 7, 0),
(22991, '2018-04-16', 12, 2, 9, 0),
(22992, '2018-04-16', 21, 3, 15, 0),
(22993, '2018-04-16', 17, 3, 16, 0),
(22994, '2018-04-16', 18, 3, 54, 0),
(22995, '2018-04-16', 19, 3, 53, 0),
(22996, '2018-04-16', 20, 3, 55, 0),
(22997, '2018-04-16', 0, 3, 57, 0),
(22998, '2018-04-16', 31, 1, 1, 0),
(22999, '2018-04-16', 32, 1, 26, 0),
(23000, '2018-04-16', 22, 1, 3, 0),
(23001, '2018-04-16', 23, 1, 4, 0),
(23002, '2018-04-16', 24, 1, 5, 0),
(23003, '2018-04-16', 25, 1, 6, 0),
(23004, '2018-04-16', 26, 1, 8, 0),
(23005, '2018-04-16', 27, 1, 9, 0),
(23006, '2018-04-16', 28, 1, 10, 0),
(23007, '2018-04-16', 29, 1, 11, 0),
(23008, '2018-04-16', 30, 1, 12, 0),
(23009, '2018-04-16', 0, 1, 13, 0),
(23010, '2018-04-16', 0, 1, 14, 0),
(23011, '2018-04-16', 0, 1, 60, 0),
(23012, '2018-04-17', 34, 1, 7, 0),
(23013, '2018-04-17', 33, 2, 6, 0),
(23014, '2018-04-17', 2, 1, 1, 0),
(23015, '2018-04-17', 28, 1, 26, 0),
(23016, '2018-04-17', 29, 1, 3, 0),
(23017, '2018-04-17', 30, 1, 4, 0),
(23018, '2018-04-17', 31, 1, 5, 0),
(23019, '2018-04-17', 32, 1, 6, 0),
(23020, '2018-04-17', 5, 1, 8, 0),
(23021, '2018-04-17', 4, 1, 9, 0),
(23022, '2018-04-17', 10, 1, 10, 0),
(23023, '2018-04-17', 12, 1, 11, 0),
(23024, '2018-04-17', 0, 1, 12, 0),
(23025, '2018-04-17', 0, 1, 13, 0),
(23026, '2018-04-17', 0, 1, 14, 0),
(23027, '2018-04-17', 0, 1, 60, 0),
(23028, '2018-04-17', 13, 2, 3, 0),
(23029, '2018-04-17', 9, 2, 4, 0),
(23030, '2018-04-17', 8, 2, 5, 0),
(23031, '2018-04-17', 1, 2, 7, 0),
(23032, '2018-04-17', 3, 2, 9, 0),
(23033, '2018-04-17', 22, 3, 15, 0),
(23034, '2018-04-17', 23, 3, 16, 0),
(23035, '2018-04-17', 24, 3, 54, 0),
(23036, '2018-04-17', 25, 3, 53, 0),
(23037, '2018-04-17', 26, 3, 55, 0),
(23038, '2018-04-17', 27, 3, 57, 0),
(23039, '2018-04-18', 34, 1, 7, 0),
(23040, '2018-04-18', 33, 2, 6, 0),
(23041, '2018-04-18', 2, 1, 1, 0),
(23042, '2018-04-18', 9, 1, 26, 0),
(23043, '2018-04-18', 8, 1, 3, 0),
(23044, '2018-04-18', 1, 1, 4, 0),
(23045, '2018-04-18', 3, 1, 5, 0),
(23046, '2018-04-18', 13, 1, 6, 0),
(23047, '2018-04-18', 5, 1, 8, 0),
(23048, '2018-04-18', 4, 1, 9, 0),
(23049, '2018-04-18', 10, 1, 10, 0),
(23050, '2018-04-18', 12, 1, 11, 0),
(23051, '2018-04-18', 0, 1, 12, 0),
(23052, '2018-04-18', 0, 1, 13, 0),
(23053, '2018-04-18', 0, 1, 14, 0),
(23054, '2018-04-18', 0, 1, 60, 0),
(23055, '2018-04-18', 16, 2, 3, 0),
(23056, '2018-04-18', 6, 2, 4, 0),
(23057, '2018-04-18', 7, 2, 5, 0),
(23058, '2018-04-18', 14, 2, 7, 0),
(23059, '2018-04-18', 15, 2, 9, 0),
(23060, '2018-04-18', 32, 3, 15, 0),
(23061, '2018-04-18', 28, 3, 16, 0),
(23062, '2018-04-18', 29, 3, 54, 0),
(23063, '2018-04-18', 30, 3, 53, 0),
(23064, '2018-04-18', 31, 3, 55, 0),
(23065, '2018-04-18', 0, 3, 57, 0),
(23066, '2018-04-19', 34, 1, 7, 0),
(23067, '2018-04-19', 33, 2, 6, 0),
(23068, '2018-04-19', 5, 3, 15, 0),
(23069, '2018-04-19', 4, 3, 16, 0),
(23070, '2018-04-19', 10, 3, 54, 0),
(23071, '2018-04-19', 12, 3, 53, 0),
(23072, '2018-04-19', 2, 3, 55, 0),
(23073, '2018-04-19', 0, 3, 57, 0),
(23074, '2018-04-19', 6, 1, 1, 0),
(23075, '2018-04-19', 7, 1, 26, 0),
(23076, '2018-04-19', 14, 1, 3, 0),
(23077, '2018-04-19', 15, 1, 4, 0),
(23078, '2018-04-19', 16, 1, 5, 0),
(23079, '2018-04-19', 9, 1, 6, 0),
(23080, '2018-04-19', 8, 1, 8, 0),
(23081, '2018-04-19', 1, 1, 9, 0),
(23082, '2018-04-19', 3, 1, 10, 0),
(23083, '2018-04-19', 13, 1, 11, 0),
(23084, '2018-04-19', 0, 1, 12, 0),
(23085, '2018-04-19', 0, 1, 13, 0),
(23086, '2018-04-19', 0, 1, 14, 0),
(23087, '2018-04-19', 0, 1, 60, 0),
(23088, '2018-04-19', 17, 2, 3, 0),
(23089, '2018-04-19', 18, 2, 4, 0),
(23090, '2018-04-19', 19, 2, 5, 0),
(23091, '2018-04-19', 20, 2, 7, 0),
(23092, '2018-04-19', 21, 2, 9, 0),
(23093, '2018-04-20', 34, 1, 7, 0),
(23094, '2018-04-20', 33, 2, 6, 0),
(23095, '2018-04-20', 9, 3, 15, 0),
(23096, '2018-04-20', 8, 3, 16, 0),
(23097, '2018-04-20', 1, 3, 54, 0),
(23098, '2018-04-20', 3, 3, 53, 0),
(23099, '2018-04-20', 13, 3, 55, 0),
(23100, '2018-04-20', 0, 3, 57, 0),
(23101, '2018-04-20', 17, 1, 1, 0),
(23102, '2018-04-20', 18, 1, 26, 0),
(23103, '2018-04-20', 19, 1, 3, 0),
(23104, '2018-04-20', 20, 1, 4, 0),
(23105, '2018-04-20', 21, 1, 5, 0),
(23106, '2018-04-20', 6, 1, 6, 0),
(23107, '2018-04-20', 7, 1, 8, 0),
(23108, '2018-04-20', 14, 1, 9, 0),
(23109, '2018-04-20', 15, 1, 10, 0),
(23110, '2018-04-20', 16, 1, 11, 0),
(23111, '2018-04-20', 0, 1, 12, 0),
(23112, '2018-04-20', 0, 1, 13, 0),
(23113, '2018-04-20', 0, 1, 14, 0),
(23114, '2018-04-20', 0, 1, 60, 0),
(23115, '2018-04-20', 23, 2, 3, 0),
(23116, '2018-04-20', 24, 2, 4, 0),
(23117, '2018-04-20', 25, 2, 5, 0),
(23118, '2018-04-20', 26, 2, 7, 0),
(23119, '2018-04-20', 27, 2, 9, 0),
(23120, '2018-04-21', 6, 3, 15, 0),
(23121, '2018-04-21', 7, 3, 16, 0),
(23122, '2018-04-21', 14, 3, 54, 0),
(23123, '2018-04-21', 15, 3, 53, 0),
(23124, '2018-04-21', 16, 3, 55, 0),
(23125, '2018-04-21', 0, 3, 57, 0),
(23126, '2018-04-21', 27, 1, 1, 0),
(23127, '2018-04-21', 17, 1, 3, 0),
(23128, '2018-04-22', 17, 3, 15, 0),
(23129, '2018-04-22', 18, 3, 16, 0),
(23130, '2018-04-22', 19, 3, 54, 0),
(23131, '2018-04-22', 20, 3, 53, 0),
(23132, '2018-04-22', 21, 3, 55, 0),
(23133, '2018-04-22', 0, 3, 57, 0),
(23134, '2018-04-22', 0, 3, 58, 0),
(23135, '2018-04-23', 34, 1, 7, 0),
(23136, '2018-04-23', 33, 2, 6, 0),
(23137, '2018-04-23', 28, 1, 1, 0),
(23138, '2018-04-23', 29, 1, 26, 0),
(23139, '2018-04-23', 30, 1, 3, 0),
(23140, '2018-04-23', 31, 1, 4, 0),
(23141, '2018-04-23', 32, 1, 5, 0),
(23142, '2018-04-23', 5, 1, 6, 0),
(23143, '2018-04-23', 4, 1, 8, 0),
(23144, '2018-04-23', 10, 1, 9, 0),
(23145, '2018-04-23', 12, 1, 10, 0),
(23146, '2018-04-23', 2, 1, 11, 0),
(23147, '2018-04-23', 0, 1, 12, 0),
(23148, '2018-04-23', 0, 1, 13, 0),
(23149, '2018-04-23', 0, 1, 14, 0),
(23150, '2018-04-23', 0, 1, 60, 0),
(23151, '2018-04-23', 9, 2, 3, 0),
(23152, '2018-04-23', 8, 2, 4, 0),
(23153, '2018-04-23', 1, 2, 5, 0),
(23154, '2018-04-23', 3, 2, 7, 0),
(23155, '2018-04-23', 13, 2, 9, 0),
(23156, '2018-04-23', 23, 3, 15, 0),
(23157, '2018-04-23', 24, 3, 16, 0),
(23158, '2018-04-23', 25, 3, 54, 0),
(23159, '2018-04-23', 26, 3, 53, 0),
(23160, '2018-04-23', 27, 3, 55, 0),
(23161, '2018-04-23', 22, 3, 57, 0),
(23162, '2018-04-24', 34, 1, 7, 0),
(23163, '2018-04-24', 33, 2, 6, 0),
(23164, '2018-04-24', 9, 1, 1, 0),
(23165, '2018-04-24', 8, 1, 26, 0),
(23166, '2018-04-24', 1, 1, 3, 0),
(23167, '2018-04-24', 3, 1, 4, 0),
(23168, '2018-04-24', 13, 1, 5, 0),
(23169, '2018-04-24', 5, 1, 6, 0),
(23170, '2018-04-24', 4, 1, 8, 0),
(23171, '2018-04-24', 10, 1, 9, 0),
(23172, '2018-04-24', 12, 1, 10, 0),
(23173, '2018-04-24', 2, 1, 11, 0),
(23174, '2018-04-24', 0, 1, 12, 0),
(23175, '2018-04-24', 0, 1, 13, 0),
(23176, '2018-04-24', 0, 1, 14, 0),
(23177, '2018-04-24', 0, 1, 60, 0),
(23178, '2018-04-24', 6, 2, 3, 0),
(23179, '2018-04-24', 7, 2, 4, 0),
(23180, '2018-04-24', 14, 2, 5, 0),
(23181, '2018-04-24', 15, 2, 7, 0),
(23182, '2018-04-24', 16, 2, 9, 0),
(23183, '2018-04-24', 28, 3, 15, 0),
(23184, '2018-04-24', 29, 3, 16, 0),
(23185, '2018-04-24', 30, 3, 54, 0),
(23186, '2018-04-24', 31, 3, 53, 0),
(23187, '2018-04-24', 32, 3, 55, 0),
(23188, '2018-04-24', 0, 3, 57, 0),
(23189, '2018-04-25', 34, 1, 7, 0),
(23190, '2018-04-25', 33, 2, 6, 0),
(23191, '2018-04-25', 4, 3, 15, 0),
(23192, '2018-04-25', 10, 3, 16, 0),
(23193, '2018-04-25', 12, 3, 54, 0),
(23194, '2018-04-25', 2, 3, 53, 0),
(23195, '2018-04-25', 5, 3, 55, 0),
(23196, '2018-04-25', 0, 3, 57, 0),
(23197, '2018-04-25', 7, 1, 1, 0),
(23198, '2018-04-25', 14, 1, 26, 0),
(23199, '2018-04-25', 15, 1, 3, 0),
(23200, '2018-04-25', 16, 1, 4, 0),
(23201, '2018-04-25', 9, 1, 5, 0),
(23202, '2018-04-25', 8, 1, 6, 0),
(23203, '2018-04-25', 1, 1, 8, 0),
(23204, '2018-04-25', 3, 1, 9, 0),
(23205, '2018-04-25', 13, 1, 10, 0),
(23206, '2018-04-25', 6, 1, 11, 0),
(23207, '2018-04-25', 0, 1, 12, 0),
(23208, '2018-04-25', 0, 1, 13, 0),
(23209, '2018-04-25', 0, 1, 14, 0),
(23210, '2018-04-25', 0, 1, 60, 0),
(23211, '2018-04-25', 18, 2, 3, 0),
(23212, '2018-04-25', 19, 2, 4, 0),
(23213, '2018-04-25', 20, 2, 5, 0),
(23214, '2018-04-25', 21, 2, 7, 0),
(23215, '2018-04-25', 17, 2, 9, 0),
(23216, '2018-04-26', 34, 1, 7, 0),
(23217, '2018-04-26', 33, 2, 6, 0),
(23218, '2018-04-26', 8, 3, 15, 0),
(23219, '2018-04-26', 1, 3, 16, 0),
(23220, '2018-04-26', 3, 3, 54, 0),
(23221, '2018-04-26', 13, 3, 53, 0),
(23222, '2018-04-26', 9, 3, 55, 0),
(23223, '2018-04-26', 0, 3, 57, 0),
(23224, '2018-04-26', 18, 1, 1, 0),
(23225, '2018-04-26', 19, 1, 26, 0),
(23226, '2018-04-26', 20, 1, 3, 0),
(23227, '2018-04-26', 21, 1, 4, 0),
(23228, '2018-04-26', 6, 1, 5, 0),
(23229, '2018-04-26', 7, 1, 6, 0),
(23230, '2018-04-26', 14, 1, 8, 0),
(23231, '2018-04-26', 15, 1, 9, 0),
(23232, '2018-04-26', 16, 1, 10, 0),
(23233, '2018-04-26', 17, 1, 11, 0),
(23234, '2018-04-26', 0, 1, 12, 0),
(23235, '2018-04-26', 0, 1, 13, 0),
(23236, '2018-04-26', 0, 1, 14, 0),
(23237, '2018-04-26', 0, 1, 60, 0),
(23238, '2018-04-26', 24, 2, 3, 0),
(23239, '2018-04-26', 25, 2, 4, 0),
(23240, '2018-04-26', 26, 2, 5, 0),
(23241, '2018-04-26', 27, 2, 7, 0),
(23242, '2018-04-26', 22, 2, 9, 0),
(23243, '2018-04-27', 34, 1, 7, 0),
(23244, '2018-04-27', 33, 2, 6, 0),
(23245, '2018-04-27', 7, 3, 15, 0),
(23246, '2018-04-27', 14, 3, 16, 0),
(23247, '2018-04-27', 15, 3, 54, 0),
(23248, '2018-04-27', 16, 3, 53, 0),
(23249, '2018-04-27', 6, 3, 55, 0),
(23250, '2018-04-27', 0, 3, 57, 0),
(23251, '2018-04-27', 17, 1, 1, 0),
(23252, '2018-04-27', 18, 1, 26, 0),
(23253, '2018-04-27', 19, 1, 3, 0),
(23254, '2018-04-27', 20, 1, 4, 0),
(23255, '2018-04-27', 21, 1, 5, 0),
(23256, '2018-04-27', 22, 1, 6, 0),
(23257, '2018-04-27', 23, 1, 8, 0),
(23258, '2018-04-27', 24, 1, 9, 0),
(23259, '2018-04-27', 25, 1, 10, 0),
(23260, '2018-04-27', 26, 1, 11, 0),
(23261, '2018-04-27', 27, 1, 12, 0),
(23262, '2018-04-27', 0, 1, 13, 0),
(23263, '2018-04-27', 0, 1, 14, 0),
(23264, '2018-04-27', 0, 1, 60, 0),
(23265, '2018-04-27', 29, 2, 3, 0),
(23266, '2018-04-27', 30, 2, 4, 0),
(23267, '2018-04-27', 31, 2, 5, 0),
(23268, '2018-04-27', 32, 2, 7, 0),
(23269, '2018-04-27', 28, 2, 9, 0),
(23270, '2018-04-28', 18, 3, 15, 0),
(23271, '2018-04-28', 19, 3, 16, 0),
(23272, '2018-04-28', 20, 3, 54, 0),
(23273, '2018-04-28', 21, 3, 53, 0),
(23274, '2018-04-28', 17, 3, 55, 0),
(23275, '2018-04-28', 0, 3, 57, 0),
(23276, '2018-04-28', 22, 1, 1, 0),
(23277, '2018-04-28', 23, 1, 3, 0),
(23278, '2018-04-29', 24, 3, 15, 0),
(23279, '2018-04-29', 25, 3, 16, 0),
(23280, '2018-04-29', 26, 3, 54, 0),
(23281, '2018-04-29', 27, 3, 53, 0),
(23282, '2018-04-29', 22, 3, 55, 0),
(23283, '2018-04-29', 23, 3, 57, 0),
(23284, '2018-04-29', 0, 3, 58, 0),
(23285, '2018-04-30', 34, 1, 7, 0),
(23286, '2018-04-30', 33, 2, 6, 0),
(23287, '2018-04-30', 8, 1, 1, 0),
(23288, '2018-04-30', 1, 1, 26, 0),
(23289, '2018-04-30', 3, 1, 3, 0),
(23290, '2018-04-30', 13, 1, 4, 0),
(23291, '2018-04-30', 5, 1, 5, 0),
(23292, '2018-04-30', 4, 1, 6, 0),
(23293, '2018-04-30', 10, 1, 8, 0),
(23294, '2018-04-30', 12, 1, 9, 0),
(23295, '2018-04-30', 2, 1, 10, 0),
(23296, '2018-04-30', 9, 1, 11, 0),
(23297, '2018-04-30', 0, 1, 12, 0),
(23298, '2018-04-30', 0, 1, 13, 0),
(23299, '2018-04-30', 0, 1, 14, 0),
(23300, '2018-04-30', 0, 1, 60, 0),
(23301, '2018-04-30', 7, 2, 3, 0),
(23302, '2018-04-30', 14, 2, 4, 0),
(23303, '2018-04-30', 15, 2, 5, 0),
(23304, '2018-04-30', 16, 2, 7, 0),
(23305, '2018-04-30', 6, 2, 9, 0),
(23306, '2018-04-30', 29, 3, 15, 0),
(23307, '2018-04-30', 30, 3, 16, 0),
(23308, '2018-04-30', 31, 3, 54, 0),
(23309, '2018-04-30', 32, 3, 53, 0),
(23310, '2018-04-30', 28, 3, 55, 0),
(23311, '2018-04-30', 0, 3, 57, 0),
(23312, '2018-05-01', 10, 3, 15, 0),
(23313, '2018-05-01', 12, 3, 16, 0),
(23314, '2018-05-01', 2, 3, 54, 0),
(23315, '2018-05-01', 5, 3, 53, 0),
(23316, '2018-05-01', 4, 3, 55, 0),
(23317, '2018-05-01', 0, 3, 57, 0),
(23318, '2018-05-01', 0, 3, 58, 0),
(23319, '2018-05-02', 34, 1, 7, 0),
(23320, '2018-05-02', 33, 2, 6, 0),
(23321, '2018-05-02', 1, 3, 15, 0),
(23322, '2018-05-02', 3, 3, 16, 0),
(23323, '2018-05-02', 13, 3, 54, 0),
(23324, '2018-05-02', 9, 3, 53, 0),
(23325, '2018-05-02', 8, 3, 55, 0),
(23326, '2018-05-02', 0, 3, 57, 0),
(23327, '2018-05-02', 19, 1, 1, 0),
(23328, '2018-05-02', 20, 1, 26, 0),
(23329, '2018-05-02', 21, 1, 3, 0),
(23330, '2018-05-02', 6, 1, 4, 0),
(23331, '2018-05-02', 7, 1, 5, 0),
(23332, '2018-05-02', 14, 1, 6, 0),
(23333, '2018-05-02', 15, 1, 8, 0),
(23334, '2018-05-02', 16, 1, 9, 0),
(23335, '2018-05-02', 17, 1, 10, 0),
(23336, '2018-05-02', 18, 1, 11, 0),
(23337, '2018-05-02', 0, 1, 12, 0),
(23338, '2018-05-02', 0, 1, 13, 0),
(23339, '2018-05-02', 0, 1, 14, 0),
(23340, '2018-05-02', 0, 1, 60, 0),
(23341, '2018-05-02', 25, 2, 3, 0),
(23342, '2018-05-02', 26, 2, 4, 0),
(23343, '2018-05-02', 27, 2, 5, 0),
(23344, '2018-05-02', 22, 2, 7, 0),
(23345, '2018-05-02', 23, 2, 9, 0),
(23346, '2018-05-03', 34, 1, 7, 0),
(23347, '2018-05-03', 33, 2, 6, 0),
(23348, '2018-05-03', 14, 3, 15, 0),
(23349, '2018-05-03', 15, 3, 16, 0),
(23350, '2018-05-03', 16, 3, 54, 0),
(23351, '2018-05-03', 6, 3, 53, 0),
(23352, '2018-05-03', 7, 3, 55, 0),
(23353, '2018-05-03', 0, 3, 57, 0),
(23354, '2018-05-03', 18, 1, 1, 0),
(23355, '2018-05-03', 19, 1, 26, 0),
(23356, '2018-05-03', 20, 1, 3, 0),
(23357, '2018-05-03', 21, 1, 4, 0),
(23358, '2018-05-03', 22, 1, 5, 0),
(23359, '2018-05-03', 23, 1, 6, 0),
(23360, '2018-05-03', 24, 1, 8, 0),
(23361, '2018-05-03', 25, 1, 9, 0),
(23362, '2018-05-03', 26, 1, 10, 0),
(23363, '2018-05-03', 27, 1, 11, 0),
(23364, '2018-05-03', 17, 1, 12, 0),
(23365, '2018-05-03', 0, 1, 13, 0),
(23366, '2018-05-03', 0, 1, 14, 0),
(23367, '2018-05-03', 0, 1, 60, 0),
(23368, '2018-05-03', 30, 2, 3, 0),
(23369, '2018-05-03', 31, 2, 4, 0),
(23370, '2018-05-03', 32, 2, 5, 0),
(23371, '2018-05-03', 28, 2, 7, 0),
(23372, '2018-05-03', 29, 2, 9, 0),
(23373, '2018-05-04', 34, 1, 7, 0),
(23374, '2018-05-04', 33, 2, 6, 0),
(23375, '2018-05-04', 10, 2, 3, 0),
(23376, '2018-05-04', 12, 2, 4, 0),
(23377, '2018-05-04', 2, 2, 5, 0),
(23378, '2018-05-04', 5, 2, 7, 0),
(23379, '2018-05-04', 4, 2, 9, 0),
(23380, '2018-05-04', 19, 3, 15, 0),
(23381, '2018-05-04', 20, 3, 16, 0),
(23382, '2018-05-04', 21, 3, 54, 0),
(23383, '2018-05-04', 17, 3, 53, 0),
(23384, '2018-05-04', 18, 3, 55, 0),
(23385, '2018-05-04', 0, 3, 57, 0),
(23386, '2018-05-04', 23, 1, 1, 0),
(23387, '2018-05-04', 24, 1, 26, 0),
(23388, '2018-05-04', 25, 1, 3, 0),
(23389, '2018-05-04', 26, 1, 4, 0),
(23390, '2018-05-04', 27, 1, 5, 0),
(23391, '2018-05-04', 28, 1, 6, 0),
(23392, '2018-05-04', 29, 1, 8, 0),
(23393, '2018-05-04', 30, 1, 9, 0),
(23394, '2018-05-04', 31, 1, 10, 0),
(23395, '2018-05-04', 32, 1, 11, 0),
(23396, '2018-05-04', 22, 1, 12, 0),
(23397, '2018-05-04', 0, 1, 13, 0),
(23398, '2018-05-04', 0, 1, 14, 0),
(23399, '2018-05-04', 0, 1, 60, 0),
(23400, '2018-05-05', 30, 1, 1, 0),
(23401, '2018-05-05', 31, 1, 3, 0),
(23402, '2018-05-05', 25, 3, 15, 0),
(23403, '2018-05-05', 26, 3, 16, 0),
(23404, '2018-05-05', 27, 3, 54, 0),
(23405, '2018-05-05', 22, 3, 53, 0),
(23406, '2018-05-05', 23, 3, 55, 0),
(23407, '2018-05-05', 24, 3, 57, 0),
(23408, '2018-05-06', 30, 3, 15, 0),
(23409, '2018-05-06', 31, 3, 16, 0),
(23410, '2018-05-06', 32, 3, 54, 0),
(23411, '2018-05-06', 28, 3, 53, 0),
(23412, '2018-05-06', 29, 3, 55, 0),
(23413, '2018-05-06', 0, 3, 57, 0),
(23414, '2018-05-06', 0, 3, 58, 0),
(25042, '2018-01-01', 10, 3, 15, 0),
(25043, '2018-01-01', 12, 3, 16, 0),
(25044, '2018-01-01', 2, 3, 54, 0),
(25045, '2018-01-01', 5, 3, 53, 0),
(25046, '2018-01-01', 4, 3, 55, 0),
(25047, '2018-01-01', 0, 3, 57, 0),
(25048, '2018-01-01', 0, 3, 58, 0),
(25049, '2018-01-02', 48, 1, 6, 0),
(25050, '2018-01-02', 34, 1, 7, 0),
(25051, '2018-01-02', 1, 3, 15, 0),
(25052, '2018-01-02', 3, 3, 16, 0),
(25053, '2018-01-02', 13, 3, 54, 0),
(25054, '2018-01-02', 9, 3, 53, 0),
(25055, '2018-01-02', 8, 3, 55, 0),
(25056, '2018-01-02', 0, 3, 57, 0),
(25057, '2018-01-02', 14, 1, 1, 0),
(25058, '2018-01-02', 15, 1, 26, 0),
(25059, '2018-01-02', 16, 1, 3, 0),
(25060, '2018-01-02', 6, 1, 4, 0),
(25061, '2018-01-02', 7, 1, 5, 0),
(25062, '2018-01-02', 19, 1, 8, 0),
(25063, '2018-01-02', 20, 1, 9, 0),
(25064, '2018-01-02', 21, 1, 10, 0),
(25065, '2018-01-02', 17, 1, 11, 0),
(25066, '2018-01-02', 18, 1, 12, 0),
(25067, '2018-01-02', 0, 1, 13, 0),
(25068, '2018-01-02', 0, 1, 14, 0),
(25069, '2018-01-02', 0, 1, 60, 0),
(25070, '2018-01-02', 23, 2, 3, 0),
(25071, '2018-01-02', 24, 2, 4, 0),
(25072, '2018-01-02', 25, 2, 5, 0),
(25073, '2018-01-02', 26, 2, 6, 0),
(25074, '2018-01-02', 27, 2, 7, 0),
(25075, '2018-01-02', 22, 2, 9, 0),
(25076, '2018-01-03', 33, 1, 6, 0),
(25077, '2018-01-03', 34, 1, 7, 0),
(25078, '2018-01-03', 14, 3, 15, 0),
(25079, '2018-01-03', 15, 3, 16, 0),
(25080, '2018-01-03', 16, 3, 54, 0),
(25081, '2018-01-03', 6, 3, 53, 0),
(25082, '2018-01-03', 7, 3, 55, 0),
(25083, '2018-01-03', 0, 3, 57, 0),
(25084, '2018-01-03', 19, 1, 1, 0),
(25085, '2018-01-03', 20, 1, 26, 0),
(25086, '2018-01-03', 21, 1, 3, 0),
(25087, '2018-01-03', 17, 1, 4, 0),
(25088, '2018-01-03', 18, 1, 5, 0),
(25089, '2018-01-03', 23, 1, 8, 0),
(25090, '2018-01-03', 24, 1, 9, 0),
(25091, '2018-01-03', 25, 1, 10, 0),
(25092, '2018-01-03', 26, 1, 11, 0),
(25093, '2018-01-03', 27, 1, 12, 0),
(25094, '2018-01-03', 22, 1, 13, 0),
(25095, '2018-01-03', 0, 1, 14, 0),
(25096, '2018-01-03', 0, 1, 60, 0),
(25097, '2018-01-03', 30, 2, 3, 0),
(25098, '2018-01-03', 31, 2, 4, 0),
(25099, '2018-01-03', 32, 2, 5, 0),
(25100, '2018-01-03', 28, 2, 6, 0),
(25101, '2018-01-03', 29, 2, 7, 0),
(25102, '2018-01-03', 0, 2, 9, 0),
(25103, '2018-01-04', 33, 1, 6, 0),
(25104, '2018-01-04', 34, 1, 7, 0),
(25105, '2018-01-04', 10, 2, 3, 0),
(25106, '2018-01-04', 12, 2, 4, 0),
(25107, '2018-01-04', 2, 2, 5, 0),
(25108, '2018-01-04', 5, 2, 6, 0),
(25109, '2018-01-04', 4, 2, 7, 0),
(25110, '2018-01-04', 0, 2, 9, 0),
(25111, '2018-01-04', 19, 3, 15, 0),
(25112, '2018-01-04', 20, 3, 16, 0),
(25113, '2018-01-04', 21, 3, 54, 0),
(25114, '2018-01-04', 17, 3, 53, 0),
(25115, '2018-01-04', 18, 3, 55, 0),
(25116, '2018-01-04', 0, 3, 57, 0),
(25117, '2018-01-04', 23, 1, 1, 0),
(25118, '2018-01-04', 24, 1, 26, 0),
(25119, '2018-01-04', 25, 1, 3, 0),
(25120, '2018-01-04', 26, 1, 4, 0),
(25121, '2018-01-04', 27, 1, 5, 0),
(25122, '2018-01-04', 22, 1, 8, 0),
(25123, '2018-01-04', 30, 1, 9, 0),
(25124, '2018-01-04', 31, 1, 10, 0),
(25125, '2018-01-04', 32, 1, 11, 0),
(25126, '2018-01-04', 28, 1, 12, 0),
(25127, '2018-01-04', 29, 1, 13, 0),
(25128, '2018-01-04', 0, 1, 14, 0),
(25129, '2018-01-04', 0, 1, 60, 0),
(25130, '2018-01-05', 33, 1, 6, 0),
(25131, '2018-01-05', 34, 1, 7, 0),
(25132, '2018-01-05', 10, 1, 1, 0),
(25133, '2018-01-05', 12, 1, 26, 0),
(25134, '2018-01-05', 2, 1, 3, 0),
(25135, '2018-01-05', 5, 1, 4, 0),
(25136, '2018-01-05', 4, 1, 5, 0),
(25137, '2018-01-05', 1, 2, 3, 0),
(25138, '2018-01-05', 3, 2, 4, 0),
(25139, '2018-01-05', 13, 2, 5, 0),
(25140, '2018-01-05', 9, 2, 6, 0),
(25141, '2018-01-05', 8, 2, 7, 0),
(25142, '2018-01-05', 0, 2, 9, 0),
(25143, '2018-01-05', 23, 3, 15, 0),
(25144, '2018-01-05', 24, 3, 16, 0),
(25145, '2018-01-05', 25, 3, 54, 0),
(25146, '2018-01-05', 26, 3, 53, 0),
(25147, '2018-01-05', 27, 3, 55, 0),
(25148, '2018-01-05', 22, 3, 57, 0),
(25149, '2018-01-05', 30, 1, 8, 0),
(25150, '2018-01-05', 31, 1, 9, 0),
(25151, '2018-01-05', 32, 1, 10, 0),
(25152, '2018-01-05', 28, 1, 11, 0),
(25153, '2018-01-05', 29, 1, 12, 0),
(25154, '2018-01-05', 0, 1, 13, 0),
(25155, '2018-01-05', 0, 1, 14, 0),
(25156, '2018-01-05', 0, 1, 60, 0),
(25157, '2018-01-06', 30, 3, 15, 0),
(25158, '2018-01-06', 31, 3, 16, 0),
(25159, '2018-01-06', 32, 3, 54, 0),
(25160, '2018-01-06', 28, 3, 53, 0),
(25161, '2018-01-06', 29, 3, 55, 0),
(25162, '2018-01-06', 0, 3, 57, 0),
(25163, '2018-01-06', 0, 3, 58, 0),
(25164, '2018-01-07', 12, 3, 15, 0),
(25165, '2018-01-07', 2, 3, 16, 0),
(25166, '2018-01-07', 5, 3, 54, 0),
(25167, '2018-01-07', 4, 3, 53, 0),
(25168, '2018-01-07', 10, 3, 55, 0),
(25169, '2018-01-07', 0, 3, 57, 0),
(25170, '2018-01-07', 0, 3, 58, 0),
(25171, '2018-01-08', 33, 1, 6, 0),
(25172, '2018-01-08', 34, 1, 7, 0),
(25173, '2018-01-08', 3, 3, 15, 0),
(25174, '2018-01-08', 13, 3, 16, 0),
(25175, '2018-01-08', 9, 3, 54, 0),
(25176, '2018-01-08', 8, 3, 53, 0),
(25177, '2018-01-08', 1, 3, 55, 0),
(25178, '2018-01-08', 0, 3, 57, 0),
(25179, '2018-01-08', 15, 1, 1, 0),
(25180, '2018-01-08', 16, 1, 26, 0),
(25181, '2018-01-08', 6, 1, 3, 0),
(25182, '2018-01-08', 7, 1, 4, 0),
(25183, '2018-01-08', 14, 1, 5, 0),
(25184, '2018-01-08', 20, 1, 8, 0),
(25185, '2018-01-08', 21, 1, 9, 0),
(25186, '2018-01-08', 17, 1, 10, 0),
(25187, '2018-01-08', 18, 1, 11, 0),
(25188, '2018-01-08', 19, 1, 12, 0),
(25189, '2018-01-08', 0, 1, 13, 0),
(25190, '2018-01-08', 0, 1, 14, 0),
(25191, '2018-01-08', 0, 1, 60, 0),
(25192, '2018-01-08', 24, 2, 3, 0),
(25193, '2018-01-08', 25, 2, 4, 0),
(25194, '2018-01-08', 26, 2, 5, 0),
(25195, '2018-01-08', 27, 2, 6, 0),
(25196, '2018-01-08', 22, 2, 7, 0),
(25197, '2018-01-08', 23, 2, 9, 0),
(25198, '2018-01-09', 33, 1, 6, 0),
(25199, '2018-01-09', 34, 1, 7, 0),
(25200, '2018-01-09', 15, 3, 15, 0),
(25201, '2018-01-09', 16, 3, 16, 0),
(25202, '2018-01-09', 6, 3, 54, 0),
(25203, '2018-01-09', 7, 3, 53, 0),
(25204, '2018-01-09', 14, 3, 55, 0),
(25205, '2018-01-09', 0, 3, 57, 0),
(25206, '2018-01-09', 20, 1, 1, 0),
(25207, '2018-01-09', 21, 1, 26, 0),
(25208, '2018-01-09', 17, 1, 3, 0),
(25209, '2018-01-09', 18, 1, 4, 0),
(25210, '2018-01-09', 19, 1, 5, 0),
(25211, '2018-01-09', 24, 1, 8, 0),
(25212, '2018-01-09', 25, 1, 9, 0),
(25213, '2018-01-09', 26, 1, 10, 0),
(25214, '2018-01-09', 27, 1, 11, 0),
(25215, '2018-01-09', 22, 1, 12, 0),
(25216, '2018-01-09', 23, 1, 13, 0),
(25217, '2018-01-09', 0, 1, 14, 0),
(25218, '2018-01-09', 0, 1, 60, 0),
(25219, '2018-01-09', 31, 2, 3, 0),
(25220, '2018-01-09', 32, 2, 4, 0),
(25221, '2018-01-09', 28, 2, 5, 0),
(25222, '2018-01-09', 29, 2, 6, 0),
(25223, '2018-01-09', 30, 2, 7, 0),
(25224, '2018-01-09', 0, 2, 9, 0),
(25225, '2018-01-10', 33, 1, 6, 0),
(25226, '2018-01-10', 34, 1, 7, 0),
(25227, '2018-01-10', 12, 2, 3, 0),
(25228, '2018-01-10', 2, 2, 4, 0),
(25229, '2018-01-10', 5, 2, 5, 0),
(25230, '2018-01-10', 4, 2, 6, 0),
(25231, '2018-01-10', 10, 2, 7, 0),
(25232, '2018-01-10', 0, 2, 9, 0),
(25233, '2018-01-10', 20, 3, 15, 0),
(25234, '2018-01-10', 21, 3, 16, 0),
(25235, '2018-01-10', 17, 3, 54, 0),
(25236, '2018-01-10', 18, 3, 53, 0),
(25237, '2018-01-10', 19, 3, 55, 0),
(25238, '2018-01-10', 0, 3, 57, 0),
(25239, '2018-01-10', 24, 1, 1, 0),
(25240, '2018-01-10', 25, 1, 26, 0),
(25241, '2018-01-10', 26, 1, 3, 0),
(25242, '2018-01-10', 27, 1, 4, 0),
(25243, '2018-01-10', 22, 1, 5, 0),
(25244, '2018-01-10', 23, 1, 8, 0),
(25245, '2018-01-10', 31, 1, 9, 0),
(25246, '2018-01-10', 32, 1, 10, 0),
(25247, '2018-01-10', 28, 1, 11, 0),
(25248, '2018-01-10', 29, 1, 12, 0),
(25249, '2018-01-10', 30, 1, 13, 0),
(25250, '2018-01-10', 0, 1, 14, 0),
(25251, '2018-01-10', 0, 1, 60, 0),
(25252, '2018-01-11', 33, 1, 6, 0),
(25253, '2018-01-11', 34, 1, 7, 0),
(25254, '2018-01-11', 12, 1, 1, 0),
(25255, '2018-01-11', 2, 1, 26, 0),
(25256, '2018-01-11', 5, 1, 3, 0),
(25257, '2018-01-11', 4, 1, 4, 0),
(25258, '2018-01-11', 10, 1, 5, 0),
(25259, '2018-01-11', 3, 2, 3, 0),
(25260, '2018-01-11', 13, 2, 4, 0),
(25261, '2018-01-11', 9, 2, 5, 0),
(25262, '2018-01-11', 8, 2, 6, 0),
(25263, '2018-01-11', 1, 2, 7, 0),
(25264, '2018-01-11', 0, 2, 9, 0),
(25265, '2018-01-11', 24, 3, 15, 0),
(25266, '2018-01-11', 25, 3, 16, 0),
(25267, '2018-01-11', 26, 3, 54, 0),
(25268, '2018-01-11', 27, 3, 53, 0),
(25269, '2018-01-11', 22, 3, 55, 0),
(25270, '2018-01-11', 23, 3, 57, 0),
(25271, '2018-01-11', 31, 1, 8, 0),
(25272, '2018-01-11', 32, 1, 9, 0),
(25273, '2018-01-11', 28, 1, 10, 0),
(25274, '2018-01-11', 29, 1, 11, 0),
(25275, '2018-01-11', 30, 1, 12, 0),
(25276, '2018-01-11', 0, 1, 13, 0),
(25277, '2018-01-11', 0, 1, 14, 0),
(25278, '2018-01-11', 0, 1, 60, 0),
(25279, '2018-01-12', 33, 1, 6, 0),
(25280, '2018-01-12', 34, 1, 7, 0),
(25281, '2018-01-12', 12, 1, 1, 0),
(25282, '2018-01-12', 2, 1, 26, 0),
(25283, '2018-01-12', 5, 1, 3, 0),
(25284, '2018-01-12', 4, 1, 4, 0),
(25285, '2018-01-12', 10, 1, 5, 0),
(25286, '2018-01-12', 3, 1, 8, 0),
(25287, '2018-01-12', 13, 1, 9, 0),
(25288, '2018-01-12', 9, 1, 10, 0),
(25289, '2018-01-12', 8, 1, 11, 0),
(25290, '2018-01-12', 1, 1, 12, 0),
(25291, '2018-01-12', 0, 1, 13, 0),
(25292, '2018-01-12', 0, 1, 14, 0),
(25293, '2018-01-12', 0, 1, 60, 0),
(25294, '2018-01-12', 15, 2, 3, 0),
(25295, '2018-01-12', 16, 2, 4, 0),
(25296, '2018-01-12', 6, 2, 5, 0),
(25297, '2018-01-12', 7, 2, 6, 0),
(25298, '2018-01-12', 14, 2, 7, 0),
(25299, '2018-01-12', 0, 2, 9, 0),
(25300, '2018-01-12', 31, 3, 15, 0),
(25301, '2018-01-12', 32, 3, 16, 0),
(25302, '2018-01-12', 28, 3, 54, 0),
(25303, '2018-01-12', 29, 3, 53, 0),
(25304, '2018-01-12', 30, 3, 55, 0),
(25305, '2018-01-12', 0, 3, 57, 0),
(25306, '2018-01-13', 2, 3, 15, 0),
(25307, '2018-01-13', 5, 3, 16, 0),
(25308, '2018-01-13', 4, 3, 54, 0),
(25309, '2018-01-13', 10, 3, 53, 0),
(25310, '2018-01-13', 12, 3, 55, 0),
(25311, '2018-01-13', 0, 3, 57, 0),
(25312, '2018-01-13', 13, 1, 1, 0),
(25313, '2018-01-13', 9, 1, 3, 0),
(25314, '2018-01-13', 16, 1, 1, 0),
(25315, '2018-01-13', 6, 1, 3, 0),
(25316, '2018-01-14', 13, 3, 15, 0),
(25317, '2018-01-14', 9, 3, 16, 0),
(25318, '2018-01-14', 8, 3, 54, 0),
(25319, '2018-01-14', 1, 3, 53, 0),
(25320, '2018-01-14', 3, 3, 55, 0),
(25321, '2018-01-14', 0, 3, 57, 0),
(25322, '2018-01-14', 0, 3, 58, 0),
(25323, '2018-01-15', 33, 1, 6, 0),
(25324, '2018-01-15', 34, 1, 7, 0),
(25325, '2018-01-15', 16, 3, 15, 0),
(25326, '2018-01-15', 6, 3, 16, 0),
(25327, '2018-01-15', 7, 3, 54, 0),
(25328, '2018-01-15', 14, 3, 53, 0),
(25329, '2018-01-15', 15, 3, 55, 0),
(25330, '2018-01-15', 0, 3, 57, 0),
(25331, '2018-01-15', 21, 1, 1, 0),
(25332, '2018-01-15', 17, 1, 26, 0),
(25333, '2018-01-15', 18, 1, 3, 0);
INSERT INTO `bosquejo` (`id`, `fecha`, `idpersona`, `idturno`, `idpunto`, `bloqueado`) VALUES
(25334, '2018-01-15', 19, 1, 4, 0),
(25335, '2018-01-15', 20, 1, 5, 0),
(25336, '2018-01-15', 25, 1, 8, 0),
(25337, '2018-01-15', 26, 1, 9, 0),
(25338, '2018-01-15', 27, 1, 10, 0),
(25339, '2018-01-15', 22, 1, 11, 0),
(25340, '2018-01-15', 23, 1, 12, 0),
(25341, '2018-01-15', 24, 1, 13, 0),
(25342, '2018-01-15', 0, 1, 14, 0),
(25343, '2018-01-15', 0, 1, 60, 0),
(25344, '2018-01-15', 32, 2, 3, 0),
(25345, '2018-01-15', 28, 2, 4, 0),
(25346, '2018-01-15', 29, 2, 5, 0),
(25347, '2018-01-15', 30, 2, 6, 0),
(25348, '2018-01-15', 31, 2, 7, 0),
(25349, '2018-01-15', 0, 2, 9, 0),
(25350, '2018-01-16', 33, 1, 6, 0),
(25351, '2018-01-16', 34, 1, 7, 0),
(25352, '2018-01-16', 2, 2, 3, 0),
(25353, '2018-01-16', 5, 2, 4, 0),
(25354, '2018-01-16', 4, 2, 5, 0),
(25355, '2018-01-16', 10, 2, 6, 0),
(25356, '2018-01-16', 12, 2, 7, 0),
(25357, '2018-01-16', 0, 2, 9, 0),
(25358, '2018-01-16', 21, 3, 15, 0),
(25359, '2018-01-16', 17, 3, 16, 0),
(25360, '2018-01-16', 18, 3, 54, 0),
(25361, '2018-01-16', 19, 3, 53, 0),
(25362, '2018-01-16', 20, 3, 55, 0),
(25363, '2018-01-16', 0, 3, 57, 0),
(25364, '2018-01-16', 25, 1, 1, 0),
(25365, '2018-01-16', 26, 1, 26, 0),
(25366, '2018-01-16', 27, 1, 3, 0),
(25367, '2018-01-16', 22, 1, 4, 0),
(25368, '2018-01-16', 23, 1, 5, 0),
(25369, '2018-01-16', 24, 1, 8, 0),
(25370, '2018-01-16', 32, 1, 9, 0),
(25371, '2018-01-16', 28, 1, 10, 0),
(25372, '2018-01-16', 29, 1, 11, 0),
(25373, '2018-01-16', 30, 1, 12, 0),
(25374, '2018-01-16', 31, 1, 13, 0),
(25375, '2018-01-16', 0, 1, 14, 0),
(25376, '2018-01-16', 0, 1, 60, 0),
(25377, '2018-01-17', 33, 1, 6, 0),
(25378, '2018-01-17', 34, 1, 7, 0),
(25379, '2018-01-17', 2, 1, 1, 0),
(25380, '2018-01-17', 5, 1, 26, 0),
(25381, '2018-01-17', 4, 1, 3, 0),
(25382, '2018-01-17', 10, 1, 4, 0),
(25383, '2018-01-17', 12, 1, 5, 0),
(25384, '2018-01-17', 13, 2, 3, 0),
(25385, '2018-01-17', 9, 2, 4, 0),
(25386, '2018-01-17', 8, 2, 5, 0),
(25387, '2018-01-17', 1, 2, 6, 0),
(25388, '2018-01-17', 3, 2, 7, 0),
(25389, '2018-01-17', 0, 2, 9, 0),
(25390, '2018-01-17', 25, 3, 15, 0),
(25391, '2018-01-17', 26, 3, 16, 0),
(25392, '2018-01-17', 27, 3, 54, 0),
(25393, '2018-01-17', 22, 3, 53, 0),
(25394, '2018-01-17', 23, 3, 55, 0),
(25395, '2018-01-17', 24, 3, 57, 0),
(25396, '2018-01-17', 32, 1, 8, 0),
(25397, '2018-01-17', 28, 1, 9, 0),
(25398, '2018-01-17', 29, 1, 10, 0),
(25399, '2018-01-17', 30, 1, 11, 0),
(25400, '2018-01-17', 31, 1, 12, 0),
(25401, '2018-01-17', 0, 1, 13, 0),
(25402, '2018-01-17', 0, 1, 14, 0),
(25403, '2018-01-17', 0, 1, 60, 0),
(25404, '2018-01-18', 33, 1, 6, 0),
(25405, '2018-01-18', 34, 1, 7, 0),
(25406, '2018-01-18', 2, 1, 1, 0),
(25407, '2018-01-18', 5, 1, 26, 0),
(25408, '2018-01-18', 4, 1, 3, 0),
(25409, '2018-01-18', 10, 1, 4, 0),
(25410, '2018-01-18', 12, 1, 5, 0),
(25411, '2018-01-18', 13, 1, 8, 0),
(25412, '2018-01-18', 9, 1, 9, 0),
(25413, '2018-01-18', 8, 1, 10, 0),
(25414, '2018-01-18', 1, 1, 11, 0),
(25415, '2018-01-18', 3, 1, 12, 0),
(25416, '2018-01-18', 0, 1, 13, 0),
(25417, '2018-01-18', 0, 1, 14, 0),
(25418, '2018-01-18', 0, 1, 60, 0),
(25419, '2018-01-18', 16, 2, 3, 0),
(25420, '2018-01-18', 6, 2, 4, 0),
(25421, '2018-01-18', 7, 2, 5, 0),
(25422, '2018-01-18', 14, 2, 6, 0),
(25423, '2018-01-18', 15, 2, 7, 0),
(25424, '2018-01-18', 0, 2, 9, 0),
(25425, '2018-01-18', 32, 3, 15, 0),
(25426, '2018-01-18', 28, 3, 16, 0),
(25427, '2018-01-18', 29, 3, 54, 0),
(25428, '2018-01-18', 30, 3, 53, 0),
(25429, '2018-01-18', 31, 3, 55, 0),
(25430, '2018-01-18', 0, 3, 57, 0),
(25431, '2018-01-19', 33, 1, 6, 0),
(25432, '2018-01-19', 34, 1, 7, 0),
(25433, '2018-01-19', 5, 3, 15, 0),
(25434, '2018-01-19', 4, 3, 16, 0),
(25435, '2018-01-19', 10, 3, 54, 0),
(25436, '2018-01-19', 12, 3, 53, 0),
(25437, '2018-01-19', 2, 3, 55, 0),
(25438, '2018-01-19', 0, 3, 57, 0),
(25439, '2018-01-19', 9, 1, 1, 0),
(25440, '2018-01-19', 8, 1, 26, 0),
(25441, '2018-01-19', 1, 1, 3, 0),
(25442, '2018-01-19', 3, 1, 4, 0),
(25443, '2018-01-19', 13, 1, 5, 0),
(25444, '2018-01-19', 6, 1, 8, 0),
(25445, '2018-01-19', 7, 1, 9, 0),
(25446, '2018-01-19', 14, 1, 10, 0),
(25447, '2018-01-19', 15, 1, 11, 0),
(25448, '2018-01-19', 16, 1, 12, 0),
(25449, '2018-01-19', 0, 1, 13, 0),
(25450, '2018-01-19', 0, 1, 14, 0),
(25451, '2018-01-19', 0, 1, 60, 0),
(25452, '2018-01-19', 17, 2, 3, 0),
(25453, '2018-01-19', 18, 2, 4, 0),
(25454, '2018-01-19', 19, 2, 5, 0),
(25455, '2018-01-19', 20, 2, 6, 0),
(25456, '2018-01-19', 21, 2, 7, 0),
(25457, '2018-01-19', 0, 2, 9, 0),
(25458, '2018-01-20', 9, 3, 15, 0),
(25459, '2018-01-20', 8, 3, 16, 0),
(25460, '2018-01-20', 1, 3, 54, 0),
(25461, '2018-01-20', 3, 3, 53, 0),
(25462, '2018-01-20', 13, 3, 55, 0),
(25463, '2018-01-20', 0, 3, 57, 0),
(25464, '2018-01-20', 6, 1, 1, 0),
(25465, '2018-01-20', 7, 1, 3, 0),
(25466, '2018-01-20', 17, 1, 1, 0),
(25467, '2018-01-20', 18, 1, 3, 0),
(25468, '2018-01-21', 6, 3, 15, 0),
(25469, '2018-01-21', 7, 3, 16, 0),
(25470, '2018-01-21', 14, 3, 54, 0),
(25471, '2018-01-21', 15, 3, 53, 0),
(25472, '2018-01-21', 16, 3, 55, 0),
(25473, '2018-01-21', 0, 3, 57, 0),
(25474, '2018-01-21', 0, 3, 58, 0),
(25475, '2018-01-22', 33, 1, 6, 0),
(25476, '2018-01-22', 34, 1, 7, 0),
(25477, '2018-01-22', 5, 2, 3, 0),
(25478, '2018-01-22', 4, 2, 4, 0),
(25479, '2018-01-22', 10, 2, 5, 0),
(25480, '2018-01-22', 12, 2, 6, 0),
(25481, '2018-01-22', 2, 2, 7, 0),
(25482, '2018-01-22', 0, 2, 9, 0),
(25483, '2018-01-22', 17, 3, 15, 0),
(25484, '2018-01-22', 18, 3, 16, 0),
(25485, '2018-01-22', 19, 3, 54, 0),
(25486, '2018-01-22', 20, 3, 53, 0),
(25487, '2018-01-22', 21, 3, 55, 0),
(25488, '2018-01-22', 0, 3, 57, 0),
(25489, '2018-01-22', 26, 1, 1, 0),
(25490, '2018-01-22', 27, 1, 26, 0),
(25491, '2018-01-22', 22, 1, 3, 0),
(25492, '2018-01-22', 23, 1, 4, 0),
(25493, '2018-01-22', 24, 1, 5, 0),
(25494, '2018-01-22', 25, 1, 8, 0),
(25495, '2018-01-22', 28, 1, 9, 0),
(25496, '2018-01-22', 29, 1, 10, 0),
(25497, '2018-01-22', 30, 1, 11, 0),
(25498, '2018-01-22', 31, 1, 12, 0),
(25499, '2018-01-22', 32, 1, 13, 0),
(25500, '2018-01-22', 0, 1, 14, 0),
(25501, '2018-01-22', 0, 1, 60, 0),
(25502, '2018-01-23', 33, 1, 6, 0),
(25503, '2018-01-23', 34, 1, 7, 0),
(25504, '2018-01-23', 5, 1, 1, 0),
(25505, '2018-01-23', 4, 1, 26, 0),
(25506, '2018-01-23', 10, 1, 3, 0),
(25507, '2018-01-23', 12, 1, 4, 0),
(25508, '2018-01-23', 2, 1, 5, 0),
(25509, '2018-01-23', 9, 2, 3, 0),
(25510, '2018-01-23', 8, 2, 4, 0),
(25511, '2018-01-23', 1, 2, 5, 0),
(25512, '2018-01-23', 3, 2, 6, 0),
(25513, '2018-01-23', 13, 2, 7, 0),
(25514, '2018-01-23', 0, 2, 9, 0),
(25515, '2018-01-23', 26, 3, 15, 0),
(25516, '2018-01-23', 27, 3, 16, 0),
(25517, '2018-01-23', 22, 3, 54, 0),
(25518, '2018-01-23', 23, 3, 53, 0),
(25519, '2018-01-23', 24, 3, 55, 0),
(25520, '2018-01-23', 25, 3, 57, 0),
(25521, '2018-01-23', 28, 1, 8, 0),
(25522, '2018-01-23', 29, 1, 9, 0),
(25523, '2018-01-23', 30, 1, 10, 0),
(25524, '2018-01-23', 31, 1, 11, 0),
(25525, '2018-01-23', 32, 1, 12, 0),
(25526, '2018-01-23', 0, 1, 13, 0),
(25527, '2018-01-23', 0, 1, 14, 0),
(25528, '2018-01-23', 0, 1, 60, 0),
(25529, '2018-01-24', 33, 1, 6, 0),
(25530, '2018-01-24', 34, 1, 7, 0),
(25531, '2018-01-24', 5, 1, 1, 0),
(25532, '2018-01-24', 4, 1, 26, 0),
(25533, '2018-01-24', 10, 1, 3, 0),
(25534, '2018-01-24', 12, 1, 4, 0),
(25535, '2018-01-24', 2, 1, 5, 0),
(25536, '2018-01-24', 9, 1, 8, 0),
(25537, '2018-01-24', 8, 1, 9, 0),
(25538, '2018-01-24', 1, 1, 10, 0),
(25539, '2018-01-24', 3, 1, 11, 0),
(25540, '2018-01-24', 13, 1, 12, 0),
(25541, '2018-01-24', 0, 1, 13, 0),
(25542, '2018-01-24', 0, 1, 14, 0),
(25543, '2018-01-24', 0, 1, 60, 0),
(25544, '2018-01-24', 6, 2, 3, 0),
(25545, '2018-01-24', 7, 2, 4, 0),
(25546, '2018-01-24', 14, 2, 5, 0),
(25547, '2018-01-24', 15, 2, 6, 0),
(25548, '2018-01-24', 16, 2, 7, 0),
(25549, '2018-01-24', 0, 2, 9, 0),
(25550, '2018-01-24', 28, 3, 15, 0),
(25551, '2018-01-24', 29, 3, 16, 0),
(25552, '2018-01-24', 30, 3, 54, 0),
(25553, '2018-01-24', 31, 3, 53, 0),
(25554, '2018-01-24', 32, 3, 55, 0),
(25555, '2018-01-24', 0, 3, 57, 0),
(25556, '2018-01-25', 33, 1, 6, 0),
(25557, '2018-01-25', 34, 1, 7, 0),
(25558, '2018-01-25', 4, 3, 15, 0),
(25559, '2018-01-25', 10, 3, 16, 0),
(25560, '2018-01-25', 12, 3, 54, 0),
(25561, '2018-01-25', 2, 3, 53, 0),
(25562, '2018-01-25', 5, 3, 55, 0),
(25563, '2018-01-25', 0, 3, 57, 0),
(25564, '2018-01-25', 8, 1, 1, 0),
(25565, '2018-01-25', 1, 1, 26, 0),
(25566, '2018-01-25', 3, 1, 3, 0),
(25567, '2018-01-25', 13, 1, 4, 0),
(25568, '2018-01-25', 9, 1, 5, 0),
(25569, '2018-01-25', 7, 1, 8, 0),
(25570, '2018-01-25', 14, 1, 9, 0),
(25571, '2018-01-25', 15, 1, 10, 0),
(25572, '2018-01-25', 16, 1, 11, 0),
(25573, '2018-01-25', 6, 1, 12, 0),
(25574, '2018-01-25', 0, 1, 13, 0),
(25575, '2018-01-25', 0, 1, 14, 0),
(25576, '2018-01-25', 0, 1, 60, 0),
(25577, '2018-01-25', 18, 2, 3, 0),
(25578, '2018-01-25', 19, 2, 4, 0),
(25579, '2018-01-25', 20, 2, 5, 0),
(25580, '2018-01-25', 21, 2, 6, 0),
(25581, '2018-01-25', 17, 2, 7, 0),
(25582, '2018-01-25', 0, 2, 9, 0),
(25583, '2018-01-26', 33, 1, 6, 0),
(25584, '2018-01-26', 34, 1, 7, 0),
(25585, '2018-01-26', 8, 3, 15, 0),
(25586, '2018-01-26', 1, 3, 16, 0),
(25587, '2018-01-26', 3, 3, 54, 0),
(25588, '2018-01-26', 13, 3, 53, 0),
(25589, '2018-01-26', 9, 3, 55, 0),
(25590, '2018-01-26', 0, 3, 57, 0),
(25591, '2018-01-26', 7, 1, 1, 0),
(25592, '2018-01-26', 14, 1, 26, 0),
(25593, '2018-01-26', 15, 1, 3, 0),
(25594, '2018-01-26', 16, 1, 4, 0),
(25595, '2018-01-26', 6, 1, 5, 0),
(25596, '2018-01-26', 18, 1, 8, 0),
(25597, '2018-01-26', 19, 1, 9, 0),
(25598, '2018-01-26', 20, 1, 10, 0),
(25599, '2018-01-26', 21, 1, 11, 0),
(25600, '2018-01-26', 17, 1, 12, 0),
(25601, '2018-01-26', 0, 1, 13, 0),
(25602, '2018-01-26', 0, 1, 14, 0),
(25603, '2018-01-26', 0, 1, 60, 0),
(25604, '2018-01-26', 27, 2, 3, 0),
(25605, '2018-01-26', 22, 2, 4, 0),
(25606, '2018-01-26', 23, 2, 5, 0),
(25607, '2018-01-26', 24, 2, 6, 0),
(25608, '2018-01-26', 25, 2, 7, 0),
(25609, '2018-01-26', 26, 2, 9, 0),
(25610, '2018-01-27', 7, 3, 15, 0),
(25611, '2018-01-27', 14, 3, 16, 0),
(25612, '2018-01-27', 15, 3, 54, 0),
(25613, '2018-01-27', 16, 3, 53, 0),
(25614, '2018-01-27', 6, 3, 55, 0),
(25615, '2018-01-27', 0, 3, 57, 0),
(25616, '2018-01-27', 18, 1, 1, 0),
(25617, '2018-01-27', 19, 1, 3, 0),
(25618, '2018-01-27', 27, 1, 1, 0),
(25619, '2018-01-27', 22, 1, 3, 0),
(25620, '2018-01-28', 18, 3, 15, 0),
(25621, '2018-01-28', 19, 3, 16, 0),
(25622, '2018-01-28', 20, 3, 54, 0),
(25623, '2018-01-28', 21, 3, 53, 0),
(25624, '2018-01-28', 17, 3, 55, 0),
(25625, '2018-01-28', 0, 3, 57, 0),
(25626, '2018-01-28', 0, 3, 58, 0),
(25627, '2018-01-29', 33, 1, 6, 0),
(25628, '2018-01-29', 34, 1, 7, 0),
(25629, '2018-01-29', 4, 1, 1, 0),
(25630, '2018-01-29', 10, 1, 26, 0),
(25631, '2018-01-29', 12, 1, 3, 0),
(25632, '2018-01-29', 2, 1, 4, 0),
(25633, '2018-01-29', 5, 1, 5, 0),
(25634, '2018-01-29', 8, 2, 3, 0),
(25635, '2018-01-29', 1, 2, 4, 0),
(25636, '2018-01-29', 3, 2, 5, 0),
(25637, '2018-01-29', 13, 2, 6, 0),
(25638, '2018-01-29', 9, 2, 7, 0),
(25639, '2018-01-29', 0, 2, 9, 0),
(25640, '2018-01-29', 27, 3, 15, 0),
(25641, '2018-01-29', 22, 3, 16, 0),
(25642, '2018-01-29', 23, 3, 54, 0),
(25643, '2018-01-29', 24, 3, 53, 0),
(25644, '2018-01-29', 25, 3, 55, 0),
(25645, '2018-01-29', 26, 3, 57, 0),
(25646, '2018-01-29', 29, 1, 8, 0),
(25647, '2018-01-29', 30, 1, 9, 0),
(25648, '2018-01-29', 31, 1, 10, 0),
(25649, '2018-01-29', 32, 1, 11, 0),
(25650, '2018-01-29', 28, 1, 12, 0),
(25651, '2018-01-29', 0, 1, 13, 0),
(25652, '2018-01-29', 0, 1, 14, 0),
(25653, '2018-01-29', 0, 1, 60, 0),
(25654, '2018-01-30', 33, 1, 6, 0),
(25655, '2018-01-30', 34, 1, 7, 0),
(25656, '2018-01-30', 4, 1, 1, 0),
(25657, '2018-01-30', 10, 1, 26, 0),
(25658, '2018-01-30', 12, 1, 3, 0),
(25659, '2018-01-30', 2, 1, 4, 0),
(25660, '2018-01-30', 5, 1, 5, 0),
(25661, '2018-01-30', 8, 1, 8, 0),
(25662, '2018-01-30', 1, 1, 9, 0),
(25663, '2018-01-30', 3, 1, 10, 0),
(25664, '2018-01-30', 13, 1, 11, 0),
(25665, '2018-01-30', 9, 1, 12, 0),
(25666, '2018-01-30', 0, 1, 13, 0),
(25667, '2018-01-30', 0, 1, 14, 0),
(25668, '2018-01-30', 0, 1, 60, 0),
(25669, '2018-01-30', 7, 2, 3, 0),
(25670, '2018-01-30', 14, 2, 4, 0),
(25671, '2018-01-30', 15, 2, 5, 0),
(25672, '2018-01-30', 16, 2, 6, 0),
(25673, '2018-01-30', 6, 2, 7, 0),
(25674, '2018-01-30', 0, 2, 9, 0),
(25675, '2018-01-30', 29, 3, 15, 0),
(25676, '2018-01-30', 30, 3, 16, 0),
(25677, '2018-01-30', 31, 3, 54, 0),
(25678, '2018-01-30', 32, 3, 53, 0),
(25679, '2018-01-30', 28, 3, 55, 0),
(25680, '2018-01-30', 0, 3, 57, 0),
(25681, '2018-01-31', 33, 1, 6, 0),
(25682, '2018-01-31', 34, 1, 7, 0),
(25683, '2018-01-31', 10, 3, 15, 0),
(25684, '2018-01-31', 12, 3, 16, 0),
(25685, '2018-01-31', 2, 3, 54, 0),
(25686, '2018-01-31', 5, 3, 53, 0),
(25687, '2018-01-31', 4, 3, 55, 0),
(25688, '2018-01-31', 0, 3, 57, 0),
(25689, '2018-01-31', 1, 1, 1, 0),
(25690, '2018-01-31', 3, 1, 26, 0),
(25691, '2018-01-31', 13, 1, 3, 0),
(25692, '2018-01-31', 9, 1, 4, 0),
(25693, '2018-01-31', 8, 1, 5, 0),
(25694, '2018-01-31', 14, 1, 8, 0),
(25695, '2018-01-31', 15, 1, 9, 0),
(25696, '2018-01-31', 16, 1, 10, 0),
(25697, '2018-01-31', 6, 1, 11, 0),
(25698, '2018-01-31', 7, 1, 12, 0),
(25699, '2018-01-31', 0, 1, 13, 0),
(25700, '2018-01-31', 0, 1, 14, 0),
(25701, '2018-01-31', 0, 1, 60, 0),
(25702, '2018-01-31', 19, 2, 3, 0),
(25703, '2018-01-31', 20, 2, 4, 0),
(25704, '2018-01-31', 21, 2, 5, 0),
(25705, '2018-01-31', 17, 2, 6, 0),
(25706, '2018-01-31', 18, 2, 7, 0),
(25707, '2018-01-31', 0, 2, 9, 0),
(25708, '2018-02-01', 33, 1, 6, 0),
(25709, '2018-02-01', 34, 1, 7, 0),
(25710, '2018-02-01', 1, 3, 15, 0),
(25711, '2018-02-01', 3, 3, 16, 0),
(25712, '2018-02-01', 13, 3, 54, 0),
(25713, '2018-02-01', 9, 3, 53, 0),
(25714, '2018-02-01', 8, 3, 55, 0),
(25715, '2018-02-01', 0, 3, 57, 0),
(25716, '2018-02-01', 14, 1, 1, 0),
(25717, '2018-02-01', 15, 1, 26, 0),
(25718, '2018-02-01', 16, 1, 3, 0),
(25719, '2018-02-01', 6, 1, 4, 0),
(25720, '2018-02-01', 7, 1, 5, 0),
(25721, '2018-02-01', 19, 1, 8, 0),
(25722, '2018-02-01', 20, 1, 9, 0),
(25723, '2018-02-01', 21, 1, 10, 0),
(25724, '2018-02-01', 17, 1, 11, 0),
(25725, '2018-02-01', 18, 1, 12, 0),
(25726, '2018-02-01', 0, 1, 13, 0),
(25727, '2018-02-01', 0, 1, 14, 0),
(25728, '2018-02-01', 0, 1, 60, 0),
(25729, '2018-02-01', 22, 2, 3, 0),
(25730, '2018-02-01', 23, 2, 4, 0),
(25731, '2018-02-01', 24, 2, 5, 0),
(25732, '2018-02-01', 25, 2, 6, 0),
(25733, '2018-02-01', 26, 2, 7, 0),
(25734, '2018-02-01', 27, 2, 9, 0),
(25735, '2018-02-02', 33, 1, 6, 0),
(25736, '2018-02-02', 34, 1, 7, 0),
(25737, '2018-02-02', 14, 3, 15, 0),
(25738, '2018-02-02', 15, 3, 16, 0),
(25739, '2018-02-02', 16, 3, 54, 0),
(25740, '2018-02-02', 6, 3, 53, 0),
(25741, '2018-02-02', 7, 3, 55, 0),
(25742, '2018-02-02', 0, 3, 57, 0),
(25743, '2018-02-02', 19, 1, 1, 0),
(25744, '2018-02-02', 20, 1, 26, 0),
(25745, '2018-02-02', 21, 1, 3, 0),
(25746, '2018-02-02', 17, 1, 4, 0),
(25747, '2018-02-02', 18, 1, 5, 0),
(25748, '2018-02-02', 22, 1, 8, 0),
(25749, '2018-02-02', 23, 1, 9, 0),
(25750, '2018-02-02', 24, 1, 10, 0),
(25751, '2018-02-02', 25, 1, 11, 0),
(25752, '2018-02-02', 26, 1, 12, 0),
(25753, '2018-02-02', 27, 1, 13, 0),
(25754, '2018-02-02', 0, 1, 14, 0),
(25755, '2018-02-02', 0, 1, 60, 0),
(25756, '2018-02-02', 30, 2, 3, 0),
(25757, '2018-02-02', 31, 2, 4, 0),
(25758, '2018-02-02', 32, 2, 5, 0),
(25759, '2018-02-02', 28, 2, 6, 0),
(25760, '2018-02-02', 29, 2, 7, 0),
(25761, '2018-02-02', 0, 2, 9, 0),
(25762, '2018-02-03', 19, 3, 15, 0),
(25763, '2018-02-03', 20, 3, 16, 0),
(25764, '2018-02-03', 21, 3, 54, 0),
(25765, '2018-02-03', 17, 3, 53, 0),
(25766, '2018-02-03', 18, 3, 55, 0),
(25767, '2018-02-03', 0, 3, 57, 0),
(25768, '2018-02-03', 22, 1, 1, 0),
(25769, '2018-02-03', 23, 1, 3, 0),
(25770, '2018-02-03', 30, 1, 1, 0),
(25771, '2018-02-03', 31, 1, 3, 0),
(25772, '2018-02-04', 22, 3, 15, 0),
(25773, '2018-02-04', 23, 3, 16, 0),
(25774, '2018-02-04', 24, 3, 54, 0),
(25775, '2018-02-04', 25, 3, 53, 0),
(25776, '2018-02-04', 26, 3, 55, 0),
(25777, '2018-02-04', 27, 3, 57, 0),
(25778, '2018-02-04', 0, 3, 58, 0),
(25779, '2018-02-05', 33, 1, 6, 0),
(25780, '2018-02-05', 34, 1, 7, 0),
(25781, '2018-02-05', 10, 1, 1, 0),
(25782, '2018-02-05', 12, 1, 26, 0),
(25783, '2018-02-05', 2, 1, 3, 0),
(25784, '2018-02-05', 5, 1, 4, 0),
(25785, '2018-02-05', 4, 1, 5, 0),
(25786, '2018-02-05', 1, 1, 8, 0),
(25787, '2018-02-05', 3, 1, 9, 0),
(25788, '2018-02-05', 13, 1, 10, 0),
(25789, '2018-02-05', 9, 1, 11, 0),
(25790, '2018-02-05', 8, 1, 12, 0),
(25791, '2018-02-05', 0, 1, 13, 0),
(25792, '2018-02-05', 0, 1, 14, 0),
(25793, '2018-02-05', 0, 1, 60, 0),
(25794, '2018-02-05', 14, 2, 3, 0),
(25795, '2018-02-05', 15, 2, 4, 0),
(25796, '2018-02-05', 16, 2, 5, 0),
(25797, '2018-02-05', 6, 2, 6, 0),
(25798, '2018-02-05', 7, 2, 7, 0),
(25799, '2018-02-05', 0, 2, 9, 0),
(25800, '2018-02-05', 30, 3, 15, 0),
(25801, '2018-02-05', 31, 3, 16, 0),
(25802, '2018-02-05', 32, 3, 54, 0),
(25803, '2018-02-05', 28, 3, 53, 0),
(25804, '2018-02-05', 29, 3, 55, 0),
(25805, '2018-02-05', 0, 3, 57, 0),
(25806, '2018-02-06', 33, 1, 6, 0),
(25807, '2018-02-06', 34, 1, 7, 0),
(25808, '2018-02-06', 12, 3, 15, 0),
(25809, '2018-02-06', 2, 3, 16, 0),
(25810, '2018-02-06', 5, 3, 54, 0),
(25811, '2018-02-06', 4, 3, 53, 0),
(25812, '2018-02-06', 10, 3, 55, 0),
(25813, '2018-02-06', 0, 3, 57, 0),
(25814, '2018-02-06', 3, 1, 1, 0),
(25815, '2018-02-06', 13, 1, 26, 0),
(25816, '2018-02-06', 9, 1, 3, 0),
(25817, '2018-02-06', 8, 1, 4, 0),
(25818, '2018-02-06', 1, 1, 5, 0),
(25819, '2018-02-06', 15, 1, 8, 0),
(25820, '2018-02-06', 16, 1, 9, 0),
(25821, '2018-02-06', 6, 1, 10, 0),
(25822, '2018-02-06', 7, 1, 11, 0),
(25823, '2018-02-06', 14, 1, 12, 0),
(25824, '2018-02-06', 0, 1, 13, 0),
(25825, '2018-02-06', 0, 1, 14, 0),
(25826, '2018-02-06', 0, 1, 60, 0),
(25827, '2018-02-06', 20, 2, 3, 0),
(25828, '2018-02-06', 21, 2, 4, 0),
(25829, '2018-02-06', 17, 2, 5, 0),
(25830, '2018-02-06', 18, 2, 6, 0),
(25831, '2018-02-06', 19, 2, 7, 0),
(25832, '2018-02-06', 0, 2, 9, 0),
(25833, '2018-02-07', 33, 1, 6, 0),
(25834, '2018-02-07', 34, 1, 7, 0),
(25835, '2018-02-07', 3, 3, 15, 0),
(25836, '2018-02-07', 13, 3, 16, 0),
(25837, '2018-02-07', 9, 3, 54, 0),
(25838, '2018-02-07', 8, 3, 53, 0),
(25839, '2018-02-07', 1, 3, 55, 0),
(25840, '2018-02-07', 0, 3, 57, 0),
(25841, '2018-02-07', 15, 1, 1, 0),
(25842, '2018-02-07', 16, 1, 26, 0),
(25843, '2018-02-07', 6, 1, 3, 0),
(25844, '2018-02-07', 7, 1, 4, 0),
(25845, '2018-02-07', 14, 1, 5, 0),
(25846, '2018-02-07', 20, 1, 8, 0),
(25847, '2018-02-07', 21, 1, 9, 0),
(25848, '2018-02-07', 17, 1, 10, 0),
(25849, '2018-02-07', 18, 1, 11, 0),
(25850, '2018-02-07', 19, 1, 12, 0),
(25851, '2018-02-07', 0, 1, 13, 0),
(25852, '2018-02-07', 0, 1, 14, 0),
(25853, '2018-02-07', 0, 1, 60, 0),
(25854, '2018-02-07', 23, 2, 3, 0),
(25855, '2018-02-07', 24, 2, 4, 0),
(25856, '2018-02-07', 25, 2, 5, 0),
(25857, '2018-02-07', 26, 2, 6, 0),
(25858, '2018-02-07', 27, 2, 7, 0),
(25859, '2018-02-07', 22, 2, 9, 0),
(25860, '2018-02-08', 0, 1, 6, 0),
(25861, '2018-02-08', 34, 1, 7, 0),
(25862, '2018-02-08', 15, 3, 15, 0),
(25863, '2018-02-08', 16, 3, 16, 0),
(25864, '2018-02-08', 6, 3, 54, 0),
(25865, '2018-02-08', 7, 3, 53, 0),
(25866, '2018-02-08', 14, 3, 55, 0),
(25867, '2018-02-08', 0, 3, 57, 0),
(25868, '2018-02-08', 20, 1, 1, 0),
(25869, '2018-02-08', 21, 1, 26, 0),
(25870, '2018-02-08', 17, 1, 3, 0),
(25871, '2018-02-08', 18, 1, 4, 0),
(25872, '2018-02-08', 19, 1, 5, 0),
(25873, '2018-02-08', 23, 1, 8, 0),
(25874, '2018-02-08', 24, 1, 9, 0),
(25875, '2018-02-08', 25, 1, 10, 0),
(25876, '2018-02-08', 26, 1, 11, 0),
(25877, '2018-02-08', 27, 1, 12, 0),
(25878, '2018-02-08', 22, 1, 13, 0),
(25879, '2018-02-08', 0, 1, 14, 0),
(25880, '2018-02-08', 0, 1, 60, 0),
(25881, '2018-02-08', 31, 2, 3, 0),
(25882, '2018-02-08', 32, 2, 4, 0),
(25883, '2018-02-08', 28, 2, 5, 0),
(25884, '2018-02-08', 29, 2, 6, 0),
(25885, '2018-02-08', 30, 2, 7, 0),
(25886, '2018-02-08', 0, 2, 9, 0),
(25887, '2018-02-09', 0, 1, 6, 0),
(25888, '2018-02-09', 34, 1, 7, 0),
(25889, '2018-02-09', 12, 2, 3, 0),
(25890, '2018-02-09', 2, 2, 4, 0),
(25891, '2018-02-09', 5, 2, 5, 0),
(25892, '2018-02-09', 4, 2, 6, 0),
(25893, '2018-02-09', 10, 2, 7, 0),
(25894, '2018-02-09', 0, 2, 9, 0),
(25895, '2018-02-09', 20, 3, 15, 0),
(25896, '2018-02-09', 21, 3, 16, 0),
(25897, '2018-02-09', 17, 3, 54, 0),
(25898, '2018-02-09', 18, 3, 53, 0),
(25899, '2018-02-09', 19, 3, 55, 0),
(25900, '2018-02-09', 0, 3, 57, 0),
(25901, '2018-02-09', 23, 1, 1, 0),
(25902, '2018-02-09', 24, 1, 26, 0),
(25903, '2018-02-09', 25, 1, 3, 0),
(25904, '2018-02-09', 26, 1, 4, 0),
(25905, '2018-02-09', 27, 1, 5, 0),
(25906, '2018-02-09', 22, 1, 8, 0),
(25907, '2018-02-09', 31, 1, 9, 0),
(25908, '2018-02-09', 32, 1, 10, 0),
(25909, '2018-02-09', 28, 1, 11, 0),
(25910, '2018-02-09', 29, 1, 12, 0),
(25911, '2018-02-09', 30, 1, 13, 0),
(25912, '2018-02-09', 0, 1, 14, 0),
(25913, '2018-02-09', 0, 1, 60, 0),
(25914, '2018-02-10', 12, 1, 1, 0),
(25915, '2018-02-10', 2, 1, 3, 0),
(25916, '2018-02-10', 23, 3, 15, 0),
(25917, '2018-02-10', 24, 3, 16, 0),
(25918, '2018-02-10', 25, 3, 54, 0),
(25919, '2018-02-10', 26, 3, 53, 0),
(25920, '2018-02-10', 27, 3, 55, 0),
(25921, '2018-02-10', 22, 3, 57, 0),
(25922, '2018-02-10', 31, 1, 1, 0),
(25923, '2018-02-10', 32, 1, 3, 0),
(25924, '2018-02-11', 31, 3, 15, 0),
(25925, '2018-02-11', 32, 3, 16, 0),
(25926, '2018-02-11', 28, 3, 54, 0),
(25927, '2018-02-11', 29, 3, 53, 0),
(25928, '2018-02-11', 30, 3, 55, 0),
(25929, '2018-02-11', 0, 3, 57, 0),
(25930, '2018-02-11', 0, 3, 58, 0),
(25931, '2018-02-12', 0, 1, 6, 0),
(25932, '2018-02-12', 34, 1, 7, 0),
(25933, '2018-02-12', 2, 3, 15, 0),
(25934, '2018-02-12', 5, 3, 16, 0),
(25935, '2018-02-12', 4, 3, 54, 0),
(25936, '2018-02-12', 10, 3, 53, 0),
(25937, '2018-02-12', 12, 3, 55, 0),
(25938, '2018-02-12', 0, 3, 57, 0),
(25939, '2018-02-12', 13, 1, 1, 0),
(25940, '2018-02-12', 9, 1, 26, 0),
(25941, '2018-02-12', 8, 1, 3, 0),
(25942, '2018-02-12', 1, 1, 4, 0),
(25943, '2018-02-12', 3, 1, 5, 0),
(25944, '2018-02-12', 16, 1, 8, 0),
(25945, '2018-02-12', 6, 1, 9, 0),
(25946, '2018-02-12', 7, 1, 10, 0),
(25947, '2018-02-12', 14, 1, 11, 0),
(25948, '2018-02-12', 15, 1, 12, 0),
(25949, '2018-02-12', 0, 1, 13, 0),
(25950, '2018-02-12', 0, 1, 14, 0),
(25951, '2018-02-12', 0, 1, 60, 0),
(25952, '2018-02-12', 20, 2, 3, 0),
(25953, '2018-02-12', 21, 2, 4, 0),
(25954, '2018-02-12', 17, 2, 5, 0),
(25955, '2018-02-12', 19, 2, 6, 0),
(25956, '2018-02-12', 0, 2, 7, 0),
(25957, '2018-02-12', 0, 2, 9, 0),
(25958, '2018-02-13', 0, 1, 6, 0),
(25959, '2018-02-13', 34, 1, 7, 0),
(25960, '2018-02-13', 13, 3, 15, 0),
(25961, '2018-02-13', 9, 3, 16, 0),
(25962, '2018-02-13', 8, 3, 54, 0),
(25963, '2018-02-13', 1, 3, 53, 0),
(25964, '2018-02-13', 3, 3, 55, 0),
(25965, '2018-02-13', 0, 3, 57, 0),
(25966, '2018-02-13', 16, 1, 1, 0),
(25967, '2018-02-13', 6, 1, 26, 0),
(25968, '2018-02-13', 7, 1, 3, 0),
(25969, '2018-02-13', 14, 1, 4, 0),
(25970, '2018-02-13', 15, 1, 5, 0),
(25971, '2018-02-13', 20, 1, 8, 0),
(25972, '2018-02-13', 21, 1, 9, 0),
(25973, '2018-02-13', 17, 1, 10, 0),
(25974, '2018-02-13', 19, 1, 11, 0),
(25975, '2018-02-13', 0, 1, 12, 0),
(25976, '2018-02-13', 0, 1, 13, 0),
(25977, '2018-02-13', 0, 1, 14, 0),
(25978, '2018-02-13', 0, 1, 60, 0),
(25979, '2018-02-13', 24, 2, 3, 0),
(25980, '2018-02-13', 25, 2, 4, 0),
(25981, '2018-02-13', 26, 2, 5, 0),
(25982, '2018-02-13', 27, 2, 6, 0),
(25983, '2018-02-13', 22, 2, 7, 0),
(25984, '2018-02-13', 23, 2, 9, 0),
(25985, '2018-02-14', 0, 1, 6, 0),
(25986, '2018-02-14', 34, 1, 7, 0),
(25987, '2018-02-14', 16, 3, 15, 0),
(25988, '2018-02-14', 6, 3, 16, 0),
(25989, '2018-02-14', 7, 3, 54, 0),
(25990, '2018-02-14', 14, 3, 53, 0),
(25991, '2018-02-14', 15, 3, 55, 0),
(25992, '2018-02-14', 0, 3, 57, 0),
(25993, '2018-02-14', 20, 1, 1, 0),
(25994, '2018-02-14', 21, 1, 26, 0),
(25995, '2018-02-14', 17, 1, 3, 0),
(25996, '2018-02-14', 19, 1, 4, 0),
(25997, '2018-02-14', 0, 1, 5, 0),
(25998, '2018-02-14', 24, 1, 8, 0),
(25999, '2018-02-14', 25, 1, 9, 0),
(26000, '2018-02-14', 26, 1, 10, 0),
(26001, '2018-02-14', 27, 1, 11, 0),
(26002, '2018-02-14', 22, 1, 12, 0),
(26003, '2018-02-14', 23, 1, 13, 0),
(26004, '2018-02-14', 0, 1, 14, 0),
(26005, '2018-02-14', 0, 1, 60, 0),
(26006, '2018-02-14', 32, 2, 3, 0),
(26007, '2018-02-14', 28, 2, 4, 0),
(26008, '2018-02-14', 29, 2, 5, 0),
(26009, '2018-02-14', 30, 2, 6, 0),
(26010, '2018-02-14', 31, 2, 7, 0),
(26011, '2018-02-14', 0, 2, 9, 0),
(26012, '2018-02-15', 0, 1, 6, 0),
(26013, '2018-02-15', 34, 1, 7, 0),
(26014, '2018-02-15', 2, 2, 3, 0),
(26015, '2018-02-15', 5, 2, 4, 0),
(26016, '2018-02-15', 4, 2, 5, 0),
(26017, '2018-02-15', 10, 2, 6, 0),
(26018, '2018-02-15', 12, 2, 7, 0),
(26019, '2018-02-15', 0, 2, 9, 0),
(26020, '2018-02-15', 21, 3, 15, 0),
(26021, '2018-02-15', 17, 3, 16, 0),
(26022, '2018-02-15', 57, 3, 54, 0),
(26023, '2018-02-15', 19, 3, 53, 0),
(26024, '2018-02-15', 20, 3, 55, 0),
(26025, '2018-02-15', 0, 3, 57, 0),
(26026, '2018-02-15', 24, 1, 1, 0),
(26027, '2018-02-15', 25, 1, 26, 0),
(26028, '2018-02-15', 26, 1, 3, 0),
(26029, '2018-02-15', 27, 1, 4, 0),
(26030, '2018-02-15', 22, 1, 5, 0),
(26031, '2018-02-15', 23, 1, 8, 0),
(26032, '2018-02-15', 32, 1, 9, 0),
(26033, '2018-02-15', 28, 1, 10, 0),
(26034, '2018-02-15', 29, 1, 11, 0),
(26035, '2018-02-15', 30, 1, 12, 0),
(26036, '2018-02-15', 31, 1, 13, 0),
(26037, '2018-02-15', 0, 1, 14, 0),
(26038, '2018-02-15', 0, 1, 60, 0),
(26039, '2018-02-16', 34, 1, 7, 0),
(26040, '2018-02-16', 0, 2, 6, 0),
(26041, '2018-02-16', 2, 1, 1, 0),
(26042, '2018-02-16', 5, 1, 26, 0),
(26043, '2018-02-16', 4, 1, 3, 0),
(26044, '2018-02-16', 10, 1, 4, 0),
(26045, '2018-02-16', 12, 1, 5, 0),
(26046, '2018-02-16', 13, 2, 3, 0),
(26047, '2018-02-16', 9, 2, 4, 0),
(26048, '2018-02-16', 8, 2, 5, 0),
(26049, '2018-02-16', 1, 2, 7, 0),
(26050, '2018-02-16', 3, 2, 9, 0),
(26051, '2018-02-16', 24, 3, 15, 0),
(26052, '2018-02-16', 25, 3, 16, 0),
(26053, '2018-02-16', 26, 3, 54, 0),
(26054, '2018-02-16', 27, 3, 53, 0),
(26055, '2018-02-16', 22, 3, 55, 0),
(26056, '2018-02-16', 23, 3, 57, 0),
(26057, '2018-02-16', 32, 1, 6, 0),
(26058, '2018-02-16', 28, 1, 8, 0),
(26059, '2018-02-16', 29, 1, 9, 0),
(26060, '2018-02-16', 30, 1, 10, 0),
(26061, '2018-02-16', 31, 1, 11, 0),
(26062, '2018-02-16', 0, 1, 12, 0),
(26063, '2018-02-16', 0, 1, 13, 0),
(26064, '2018-02-16', 0, 1, 14, 0),
(26065, '2018-02-16', 0, 1, 60, 0),
(26066, '2018-02-17', 2, 1, 1, 0),
(26067, '2018-02-17', 5, 1, 3, 0),
(26068, '2018-02-17', 13, 1, 1, 0),
(26069, '2018-02-17', 9, 1, 3, 0),
(26070, '2018-02-17', 32, 3, 15, 0),
(26071, '2018-02-17', 28, 3, 16, 0),
(26072, '2018-02-17', 29, 3, 54, 0),
(26073, '2018-02-17', 30, 3, 53, 0),
(26074, '2018-02-17', 31, 3, 55, 0),
(26075, '2018-02-17', 0, 3, 57, 0),
(26076, '2018-02-18', 5, 3, 15, 0),
(26077, '2018-02-18', 4, 3, 16, 0),
(26078, '2018-02-18', 10, 3, 54, 0),
(26079, '2018-02-18', 12, 3, 53, 0),
(26080, '2018-02-18', 2, 3, 55, 0),
(26081, '2018-02-18', 0, 3, 57, 0),
(26082, '2018-02-18', 0, 3, 58, 0),
(26083, '2018-02-19', 34, 1, 7, 0),
(26084, '2018-02-19', 0, 2, 6, 0),
(26085, '2018-02-19', 9, 3, 15, 0),
(26086, '2018-02-19', 8, 3, 16, 0),
(26087, '2018-02-19', 1, 3, 54, 0),
(26088, '2018-02-19', 3, 3, 53, 0),
(26089, '2018-02-19', 13, 3, 55, 0),
(26090, '2018-02-19', 0, 3, 57, 0),
(26091, '2018-02-19', 6, 1, 1, 0),
(26092, '2018-02-19', 7, 1, 26, 0),
(26093, '2018-02-19', 14, 1, 3, 0),
(26094, '2018-02-19', 15, 1, 4, 0),
(26095, '2018-02-19', 16, 1, 5, 0),
(26096, '2018-02-19', 17, 1, 6, 0),
(26097, '2018-02-19', 57, 1, 8, 0),
(26098, '2018-02-19', 19, 1, 9, 0),
(26099, '2018-02-19', 20, 1, 10, 0),
(26100, '2018-02-19', 21, 1, 11, 0),
(26101, '2018-02-19', 0, 1, 12, 0),
(26102, '2018-02-19', 0, 1, 13, 0),
(26103, '2018-02-19', 0, 1, 14, 0),
(26104, '2018-02-19', 0, 1, 60, 0),
(26105, '2018-02-19', 25, 2, 3, 0),
(26106, '2018-02-19', 26, 2, 4, 0),
(26107, '2018-02-19', 27, 2, 5, 0),
(26108, '2018-02-19', 22, 2, 7, 0),
(26109, '2018-02-19', 23, 2, 9, 0),
(26110, '2018-02-20', 34, 1, 7, 0),
(26111, '2018-02-20', 0, 2, 6, 0),
(26112, '2018-02-20', 6, 3, 15, 0),
(26113, '2018-02-20', 7, 3, 16, 0),
(26114, '2018-02-20', 14, 3, 54, 0),
(26115, '2018-02-20', 15, 3, 53, 0),
(26116, '2018-02-20', 16, 3, 55, 0),
(26117, '2018-02-20', 0, 3, 57, 0),
(26118, '2018-02-20', 21, 1, 1, 0),
(26119, '2018-02-20', 17, 1, 26, 0),
(26120, '2018-02-20', 19, 1, 3, 0),
(26121, '2018-02-20', 20, 1, 4, 0),
(26122, '2018-02-20', 0, 1, 5, 0),
(26123, '2018-02-20', 25, 1, 6, 0),
(26124, '2018-02-20', 26, 1, 8, 0),
(26125, '2018-02-20', 27, 1, 9, 0),
(26126, '2018-02-20', 22, 1, 10, 0),
(26127, '2018-02-20', 23, 1, 11, 0),
(26128, '2018-02-20', 24, 1, 12, 0),
(26129, '2018-02-20', 0, 1, 13, 0),
(26130, '2018-02-20', 0, 1, 14, 0),
(26131, '2018-02-20', 0, 1, 60, 0),
(26132, '2018-02-20', 28, 2, 3, 0),
(26133, '2018-02-20', 29, 2, 4, 0),
(26134, '2018-02-20', 30, 2, 5, 0),
(26135, '2018-02-20', 31, 2, 7, 0),
(26136, '2018-02-20', 32, 2, 9, 0),
(26137, '2018-02-21', 34, 1, 7, 0),
(26138, '2018-02-21', 0, 2, 6, 0),
(26139, '2018-02-21', 5, 2, 3, 0),
(26140, '2018-02-21', 4, 2, 4, 0),
(26141, '2018-02-21', 10, 2, 5, 0),
(26142, '2018-02-21', 12, 2, 7, 0),
(26143, '2018-02-21', 2, 2, 9, 0),
(26144, '2018-02-21', 21, 3, 15, 0),
(26145, '2018-02-21', 17, 3, 16, 0),
(26146, '2018-02-21', 19, 3, 54, 0),
(26147, '2018-02-21', 20, 3, 53, 0),
(26148, '2018-02-21', 0, 3, 55, 0),
(26149, '2018-02-21', 0, 3, 57, 0),
(26150, '2018-02-21', 25, 1, 1, 0),
(26151, '2018-02-21', 26, 1, 26, 0),
(26152, '2018-02-21', 27, 1, 3, 0),
(26153, '2018-02-21', 22, 1, 4, 0),
(26154, '2018-02-21', 23, 1, 5, 0),
(26155, '2018-02-21', 24, 1, 6, 0),
(26156, '2018-02-21', 28, 1, 8, 0),
(26157, '2018-02-21', 29, 1, 9, 0),
(26158, '2018-02-21', 30, 1, 10, 0),
(26159, '2018-02-21', 31, 1, 11, 0),
(26160, '2018-02-21', 32, 1, 12, 0),
(26161, '2018-02-21', 0, 1, 13, 0),
(26162, '2018-02-21', 0, 1, 14, 0),
(26163, '2018-02-21', 0, 1, 60, 0),
(26164, '2018-02-22', 34, 1, 7, 0),
(26165, '2018-02-22', 0, 2, 6, 0),
(26166, '2018-02-22', 5, 1, 1, 0),
(26167, '2018-02-22', 4, 1, 26, 0),
(26168, '2018-02-22', 10, 1, 3, 0),
(26169, '2018-02-22', 12, 1, 4, 0),
(26170, '2018-02-22', 2, 1, 5, 0),
(26171, '2018-02-22', 9, 2, 3, 0),
(26172, '2018-02-22', 8, 2, 4, 0),
(26173, '2018-02-22', 1, 2, 5, 0),
(26174, '2018-02-22', 3, 2, 7, 0),
(26175, '2018-02-22', 13, 2, 9, 0),
(26176, '2018-02-22', 25, 3, 15, 0),
(26177, '2018-02-22', 26, 3, 16, 0),
(26178, '2018-02-22', 27, 3, 54, 0),
(26179, '2018-02-22', 22, 3, 53, 0),
(26180, '2018-02-22', 23, 3, 55, 0),
(26181, '2018-02-22', 24, 3, 57, 0),
(26182, '2018-02-22', 28, 1, 6, 0),
(26183, '2018-02-22', 29, 1, 8, 0),
(26184, '2018-02-22', 30, 1, 9, 0),
(26185, '2018-02-22', 31, 1, 10, 0),
(26186, '2018-02-22', 32, 1, 11, 0),
(26187, '2018-02-22', 0, 1, 12, 0),
(26188, '2018-02-22', 0, 1, 13, 0),
(26189, '2018-02-22', 0, 1, 14, 0),
(26190, '2018-02-22', 0, 1, 60, 0),
(26191, '2018-02-23', 34, 1, 7, 0),
(26192, '2018-02-23', 33, 2, 6, 0),
(26193, '2018-02-23', 5, 1, 1, 0),
(26194, '2018-02-23', 4, 1, 26, 0),
(26195, '2018-02-23', 10, 1, 3, 0),
(26196, '2018-02-23', 12, 1, 4, 0),
(26197, '2018-02-23', 2, 1, 5, 0),
(26198, '2018-02-23', 9, 1, 6, 0),
(26199, '2018-02-23', 8, 1, 8, 0),
(26200, '2018-02-23', 1, 1, 9, 0),
(26201, '2018-02-23', 3, 1, 10, 0),
(26202, '2018-02-23', 13, 1, 11, 0),
(26203, '2018-02-23', 0, 1, 12, 0),
(26204, '2018-02-23', 0, 1, 13, 0),
(26205, '2018-02-23', 0, 1, 14, 0),
(26206, '2018-02-23', 0, 1, 60, 0),
(26207, '2018-02-23', 6, 2, 3, 0),
(26208, '2018-02-23', 7, 2, 4, 0),
(26209, '2018-02-23', 14, 2, 5, 0),
(26210, '2018-02-23', 15, 2, 7, 0),
(26211, '2018-02-23', 16, 2, 9, 0),
(26212, '2018-02-23', 28, 3, 15, 0),
(26213, '2018-02-23', 29, 3, 16, 0),
(26214, '2018-02-23', 30, 3, 54, 0),
(26215, '2018-02-23', 31, 3, 53, 0),
(26216, '2018-02-23', 32, 3, 55, 0),
(26217, '2018-02-23', 0, 3, 57, 0),
(26218, '2018-02-24', 4, 3, 15, 0),
(26219, '2018-02-24', 10, 3, 16, 0),
(26220, '2018-02-24', 12, 3, 54, 0),
(26221, '2018-02-24', 2, 3, 53, 0),
(26222, '2018-02-24', 5, 3, 55, 0),
(26223, '2018-02-24', 0, 3, 57, 0),
(26224, '2018-02-24', 8, 1, 1, 0),
(26225, '2018-02-24', 1, 1, 3, 0),
(26226, '2018-02-24', 7, 1, 1, 0),
(26227, '2018-02-24', 14, 1, 3, 0),
(26228, '2018-02-25', 8, 3, 15, 0),
(26229, '2018-02-25', 1, 3, 16, 0),
(26230, '2018-02-25', 3, 3, 54, 0),
(26231, '2018-02-25', 13, 3, 53, 0),
(26232, '2018-02-25', 9, 3, 55, 0),
(26233, '2018-02-25', 0, 3, 57, 0),
(26234, '2018-02-25', 0, 3, 58, 0),
(26235, '2018-02-26', 34, 1, 7, 0),
(26236, '2018-02-26', 33, 2, 6, 0),
(26237, '2018-02-26', 7, 3, 15, 0),
(26238, '2018-02-26', 14, 3, 16, 0),
(26239, '2018-02-26', 15, 3, 54, 0),
(26240, '2018-02-26', 16, 3, 53, 0),
(26241, '2018-02-26', 6, 3, 55, 0),
(26242, '2018-02-26', 0, 3, 57, 0),
(26243, '2018-02-26', 18, 1, 1, 0),
(26244, '2018-02-26', 19, 1, 26, 0),
(26245, '2018-02-26', 20, 1, 3, 0),
(26246, '2018-02-26', 21, 1, 4, 0),
(26247, '2018-02-26', 17, 1, 5, 0),
(26248, '2018-02-26', 26, 1, 6, 0),
(26249, '2018-02-26', 27, 1, 8, 0),
(26250, '2018-02-26', 22, 1, 9, 0),
(26251, '2018-02-26', 23, 1, 10, 0),
(26252, '2018-02-26', 24, 1, 11, 0),
(26253, '2018-02-26', 25, 1, 12, 0),
(26254, '2018-02-26', 0, 1, 13, 0),
(26255, '2018-02-26', 0, 1, 14, 0),
(26256, '2018-02-26', 0, 1, 60, 0),
(26257, '2018-02-26', 29, 2, 3, 0),
(26258, '2018-02-26', 30, 2, 4, 0),
(26259, '2018-02-26', 31, 2, 5, 0),
(26260, '2018-02-26', 32, 2, 7, 0),
(26261, '2018-02-26', 28, 2, 9, 0),
(26262, '2018-02-27', 34, 1, 7, 0),
(26263, '2018-02-27', 33, 2, 6, 0),
(26264, '2018-02-27', 4, 2, 3, 0),
(26265, '2018-02-27', 10, 2, 4, 0),
(26266, '2018-02-27', 12, 2, 5, 0),
(26267, '2018-02-27', 2, 2, 7, 0),
(26268, '2018-02-27', 5, 2, 9, 0),
(26269, '2018-02-27', 18, 3, 15, 0),
(26270, '2018-02-27', 19, 3, 16, 0),
(26271, '2018-02-27', 20, 3, 54, 0),
(26272, '2018-02-27', 21, 3, 53, 0),
(26273, '2018-02-27', 17, 3, 55, 0),
(26274, '2018-02-27', 0, 3, 57, 0),
(26275, '2018-02-27', 26, 1, 1, 0),
(26276, '2018-02-27', 27, 1, 26, 0),
(26277, '2018-02-27', 22, 1, 3, 0),
(26278, '2018-02-27', 23, 1, 4, 0),
(26279, '2018-02-27', 24, 1, 5, 0),
(26280, '2018-02-27', 25, 1, 6, 0),
(26281, '2018-02-27', 29, 1, 8, 0),
(26282, '2018-02-27', 30, 1, 9, 0),
(26283, '2018-02-27', 31, 1, 10, 0),
(26284, '2018-02-27', 32, 1, 11, 0),
(26285, '2018-02-27', 28, 1, 12, 0),
(26286, '2018-02-27', 0, 1, 13, 0),
(26287, '2018-02-27', 0, 1, 14, 0),
(26288, '2018-02-27', 0, 1, 60, 0),
(26289, '2018-02-28', 34, 1, 7, 0),
(26290, '2018-02-28', 33, 2, 6, 0),
(26291, '2018-02-28', 4, 1, 1, 0),
(26292, '2018-02-28', 10, 1, 26, 0),
(26293, '2018-02-28', 12, 1, 3, 0),
(26294, '2018-02-28', 2, 1, 4, 0),
(26295, '2018-02-28', 5, 1, 5, 0),
(26296, '2018-02-28', 8, 2, 3, 0),
(26297, '2018-02-28', 1, 2, 4, 0),
(26298, '2018-02-28', 3, 2, 5, 0),
(26299, '2018-02-28', 13, 2, 7, 0),
(26300, '2018-02-28', 9, 2, 9, 0),
(26301, '2018-02-28', 26, 3, 15, 0),
(26302, '2018-02-28', 27, 3, 16, 0),
(26303, '2018-02-28', 22, 3, 54, 0),
(26304, '2018-02-28', 23, 3, 53, 0),
(26305, '2018-02-28', 24, 3, 55, 0),
(26306, '2018-02-28', 25, 3, 57, 0),
(26307, '2018-02-28', 29, 1, 6, 0),
(26308, '2018-02-28', 30, 1, 8, 0),
(26309, '2018-02-28', 31, 1, 9, 0),
(26310, '2018-02-28', 32, 1, 10, 0),
(26311, '2018-02-28', 28, 1, 11, 0),
(26312, '2018-02-28', 0, 1, 12, 0),
(26313, '2018-02-28', 0, 1, 13, 0),
(26314, '2018-02-28', 0, 1, 14, 0),
(26315, '2018-02-28', 0, 1, 60, 0),
(26316, '2018-03-01', 34, 1, 7, 0),
(26317, '2018-03-01', 33, 2, 6, 0),
(26318, '2018-03-01', 4, 1, 1, 0),
(26319, '2018-03-01', 10, 1, 26, 0),
(26320, '2018-03-01', 12, 1, 3, 0),
(26321, '2018-03-01', 2, 1, 4, 0),
(26322, '2018-03-01', 5, 1, 5, 0),
(26323, '2018-03-01', 8, 1, 6, 0),
(26324, '2018-03-01', 1, 1, 8, 0),
(26325, '2018-03-01', 3, 1, 9, 0),
(26326, '2018-03-01', 13, 1, 10, 0),
(26327, '2018-03-01', 9, 1, 11, 0),
(26328, '2018-03-01', 0, 1, 12, 0),
(26329, '2018-03-01', 0, 1, 13, 0),
(26330, '2018-03-01', 0, 1, 14, 0),
(26331, '2018-03-01', 0, 1, 60, 0),
(26332, '2018-03-01', 7, 2, 3, 0),
(26333, '2018-03-01', 14, 2, 4, 0),
(26334, '2018-03-01', 15, 2, 5, 0),
(26335, '2018-03-01', 16, 2, 7, 0),
(26336, '2018-03-01', 6, 2, 9, 0),
(26337, '2018-03-01', 29, 3, 15, 0),
(26338, '2018-03-01', 30, 3, 16, 0),
(26339, '2018-03-01', 31, 3, 54, 0),
(26340, '2018-03-01', 32, 3, 53, 0),
(26341, '2018-03-01', 28, 3, 55, 0),
(26342, '2018-03-01', 0, 3, 57, 0),
(26343, '2018-03-02', 34, 1, 7, 0),
(26344, '2018-03-02', 33, 2, 6, 0),
(26345, '2018-03-02', 10, 3, 15, 0),
(26346, '2018-03-02', 12, 3, 16, 0),
(26347, '2018-03-02', 2, 3, 54, 0),
(26348, '2018-03-02', 5, 3, 53, 0),
(26349, '2018-03-02', 4, 3, 55, 0),
(26350, '2018-03-02', 0, 3, 57, 0),
(26351, '2018-03-02', 1, 1, 1, 0),
(26352, '2018-03-02', 3, 1, 26, 0),
(26353, '2018-03-02', 13, 1, 3, 0),
(26354, '2018-03-02', 9, 1, 4, 0),
(26355, '2018-03-02', 8, 1, 5, 0),
(26356, '2018-03-02', 14, 1, 6, 0),
(26357, '2018-03-02', 15, 1, 8, 0),
(26358, '2018-03-02', 16, 1, 9, 0),
(26359, '2018-03-02', 6, 1, 10, 0),
(26360, '2018-03-02', 7, 1, 11, 0),
(26361, '2018-03-02', 0, 1, 12, 0),
(26362, '2018-03-02', 0, 1, 13, 0),
(26363, '2018-03-02', 0, 1, 14, 0),
(26364, '2018-03-02', 0, 1, 60, 0),
(26365, '2018-03-02', 19, 2, 3, 0),
(26366, '2018-03-02', 20, 2, 4, 0),
(26367, '2018-03-02', 21, 2, 5, 0),
(26368, '2018-03-02', 17, 2, 7, 0),
(26369, '2018-03-02', 18, 2, 9, 0),
(26370, '2018-03-03', 1, 3, 15, 0),
(26371, '2018-03-03', 3, 3, 16, 0),
(26372, '2018-03-03', 13, 3, 54, 0),
(26373, '2018-03-03', 9, 3, 53, 0),
(26374, '2018-03-03', 8, 3, 55, 0),
(26375, '2018-03-03', 0, 3, 57, 0),
(26376, '2018-03-03', 14, 1, 1, 0),
(26377, '2018-03-03', 15, 1, 3, 0),
(26378, '2018-03-03', 19, 1, 1, 0),
(26379, '2018-03-03', 20, 1, 3, 0),
(26380, '2018-03-04', 14, 3, 15, 0),
(26381, '2018-03-04', 15, 3, 16, 0),
(26382, '2018-03-04', 16, 3, 54, 0),
(26383, '2018-03-04', 6, 3, 53, 0),
(26384, '2018-03-04', 7, 3, 55, 0),
(26385, '2018-03-04', 0, 3, 57, 0),
(26386, '2018-03-04', 0, 3, 58, 0),
(26387, '2018-03-05', 34, 1, 7, 0),
(26388, '2018-03-05', 33, 2, 6, 0),
(26389, '2018-03-05', 10, 2, 3, 0),
(26390, '2018-03-05', 12, 2, 4, 0),
(26391, '2018-03-05', 2, 2, 5, 0),
(26392, '2018-03-05', 5, 2, 7, 0),
(26393, '2018-03-05', 4, 2, 9, 0),
(26394, '2018-03-05', 19, 3, 15, 0),
(26395, '2018-03-05', 20, 3, 16, 0),
(26396, '2018-03-05', 21, 3, 54, 0),
(26397, '2018-03-05', 17, 3, 53, 0),
(26398, '2018-03-05', 18, 3, 55, 0),
(26399, '2018-03-05', 0, 3, 57, 0),
(26400, '2018-03-05', 27, 1, 1, 0),
(26401, '2018-03-05', 22, 1, 26, 0),
(26402, '2018-03-05', 23, 1, 3, 0),
(26403, '2018-03-05', 24, 1, 4, 0),
(26404, '2018-03-05', 25, 1, 5, 0),
(26405, '2018-03-05', 26, 1, 6, 0),
(26406, '2018-03-05', 30, 1, 8, 0),
(26407, '2018-03-05', 31, 1, 9, 0),
(26408, '2018-03-05', 32, 1, 10, 0),
(26409, '2018-03-05', 28, 1, 11, 0),
(26410, '2018-03-05', 29, 1, 12, 0),
(26411, '2018-03-05', 0, 1, 13, 0),
(26412, '2018-03-05', 0, 1, 14, 0),
(26413, '2018-03-05', 0, 1, 60, 0),
(26414, '2018-03-06', 34, 1, 7, 0),
(26415, '2018-03-06', 33, 2, 6, 0),
(26416, '2018-03-06', 10, 1, 1, 0),
(26417, '2018-03-06', 12, 1, 26, 0),
(26418, '2018-03-06', 2, 1, 3, 0),
(26419, '2018-03-06', 5, 1, 4, 0),
(26420, '2018-03-06', 4, 1, 5, 0),
(26421, '2018-03-06', 1, 2, 3, 0),
(26422, '2018-03-06', 3, 2, 4, 0),
(26423, '2018-03-06', 13, 2, 5, 0),
(26424, '2018-03-06', 9, 2, 7, 0),
(26425, '2018-03-06', 8, 2, 9, 0),
(26426, '2018-03-06', 27, 3, 15, 0),
(26427, '2018-03-06', 22, 3, 16, 0),
(26428, '2018-03-06', 23, 3, 54, 0),
(26429, '2018-03-06', 24, 3, 53, 0),
(26430, '2018-03-06', 25, 3, 55, 0),
(26431, '2018-03-06', 26, 3, 57, 0),
(26432, '2018-03-06', 30, 1, 6, 0),
(26433, '2018-03-06', 31, 1, 8, 0),
(26434, '2018-03-06', 32, 1, 9, 0),
(26435, '2018-03-06', 28, 1, 10, 0),
(26436, '2018-03-06', 29, 1, 11, 0),
(26437, '2018-03-06', 0, 1, 12, 0),
(26438, '2018-03-06', 0, 1, 13, 0),
(26439, '2018-03-06', 0, 1, 14, 0),
(26440, '2018-03-06', 0, 1, 60, 0),
(26441, '2018-03-07', 34, 1, 7, 0),
(26442, '2018-03-07', 33, 2, 6, 0),
(26443, '2018-03-07', 10, 1, 1, 0),
(26444, '2018-03-07', 12, 1, 26, 0),
(26445, '2018-03-07', 2, 1, 3, 0),
(26446, '2018-03-07', 5, 1, 4, 0),
(26447, '2018-03-07', 4, 1, 5, 0),
(26448, '2018-03-07', 1, 1, 6, 0),
(26449, '2018-03-07', 3, 1, 8, 0),
(26450, '2018-03-07', 13, 1, 9, 0),
(26451, '2018-03-07', 9, 1, 10, 0),
(26452, '2018-03-07', 8, 1, 11, 0),
(26453, '2018-03-07', 0, 1, 12, 0),
(26454, '2018-03-07', 0, 1, 13, 0),
(26455, '2018-03-07', 0, 1, 14, 0),
(26456, '2018-03-07', 0, 1, 60, 0),
(26457, '2018-03-07', 14, 2, 3, 0),
(26458, '2018-03-07', 15, 2, 4, 0),
(26459, '2018-03-07', 16, 2, 5, 0),
(26460, '2018-03-07', 6, 2, 7, 0),
(26461, '2018-03-07', 7, 2, 9, 0),
(26462, '2018-03-07', 30, 3, 15, 0),
(26463, '2018-03-07', 31, 3, 16, 0),
(26464, '2018-03-07', 32, 3, 54, 0),
(26465, '2018-03-07', 28, 3, 53, 0),
(26466, '2018-03-07', 29, 3, 55, 0),
(26467, '2018-03-07', 0, 3, 57, 0);

-- --------------------------------------------------------

--
-- Estructura de tabla para la tabla `calendario_laboral`
--

CREATE TABLE `calendario_laboral` (
  `id` int(11) NOT NULL COMMENT 'Identificador de registro',
  `fecha` date NOT NULL COMMENT 'Fecha de la festividad',
  `descripcion` varchar(45) COLLATE utf8_spanish_ci NOT NULL COMMENT 'Descripcion de la fiesta',
  `tipo_fiesta` enum('Nacional','Regional','Local','Patronal','Otra') COLLATE utf8_spanish_ci NOT NULL COMMENT 'Tipo de fiesta'
) ENGINE=InnoDB DEFAULT CHARSET=utf8 COLLATE=utf8_spanish_ci;

--
-- Volcado de datos para la tabla `calendario_laboral`
--

INSERT INTO `calendario_laboral` (`id`, `fecha`, `descripcion`, `tipo_fiesta`) VALUES
(2, '2018-01-01', 'Año nuevo', 'Nacional'),
(3, '2018-01-06', 'Reyes', 'Nacional'),
(6, '2018-03-19', 'San José', 'Regional'),
(7, '2018-03-23', 'Viernes de Dolores', 'Local'),
(8, '2018-03-29', 'Jueves Santo', 'Regional'),
(9, '2018-03-30', 'Viernes Santo', 'Nacional'),
(10, '2018-05-01', 'Día del Trabajo', 'Nacional'),
(11, '2018-06-09', 'Día de la Región de Murcia', 'Regional'),
(12, '2018-08-15', 'Asunción de la Virgen', 'Nacional'),
(13, '2018-09-28', 'Cartagineses y Romanos', 'Local'),
(14, '2018-10-12', 'Ispanidad', 'Nacional'),
(15, '2018-11-01', 'Todos los Santos', 'Nacional'),
(16, '2018-12-06', 'Dia de la Constitución', 'Nacional'),
(17, '2018-12-08', 'Inmaculada Concepción', 'Nacional'),
(18, '2018-12-25', 'Navidad', 'Nacional');

-- --------------------------------------------------------

--
-- Estructura de tabla para la tabla `categorias_externos`
--

CREATE TABLE `categorias_externos` (
  `id` int(11) NOT NULL COMMENT 'Identificador de registro',
  `descripcion` varchar(45) COLLATE utf8_spanish_ci DEFAULT NULL COMMENT 'Descripcion de la categoría',
  `activa` tinyint(4) NOT NULL DEFAULT '1' COMMENT 'Campo para filtrar y poder dejar categorias en desuso.'
) ENGINE=InnoDB DEFAULT CHARSET=utf8 COLLATE=utf8_spanish_ci;

--
-- Volcado de datos para la tabla `categorias_externos`
--

INSERT INTO `categorias_externos` (`id`, `descripcion`, `activa`) VALUES
(1, 'Contrato de Guardias', 1),
(2, 'Protocolo Abiertos', 1),
(3, 'Altas/Bajas', 1);

-- --------------------------------------------------------

--
-- Estructura de tabla para la tabla `centros`
--

CREATE TABLE `centros` (
  `id` int(11) NOT NULL COMMENT 'Identificador de Reginstro',
  `descripcion` varchar(45) COLLATE utf8_spanish_ci NOT NULL COMMENT 'Nombre del centro',
  `codigo` varchar(5) COLLATE utf8_spanish_ci NOT NULL COMMENT 'Código qeu identifique al centro de forma abreviada.',
  `color` varchar(7) COLLATE utf8_spanish_ci NOT NULL COMMENT 'Color RGB que identifique al centro.',
  `direccion` varchar(45) COLLATE utf8_spanish_ci DEFAULT NULL,
  `telefonos` varchar(25) COLLATE utf8_spanish_ci DEFAULT NULL,
  `poblacion` varchar(20) COLLATE utf8_spanish_ci DEFAULT NULL,
  `imagen` varchar(45) COLLATE utf8_spanish_ci DEFAULT NULL
) ENGINE=InnoDB DEFAULT CHARSET=utf8 COLLATE=utf8_spanish_ci;

--
-- Volcado de datos para la tabla `centros`
--

INSERT INTO `centros` (`id`, `descripcion`, `codigo`, `color`, `direccion`, `telefonos`, `poblacion`, `imagen`) VALUES
(1, 'Santa Lucia', 'STL', '#000000', 'Autovía de Murcia S/N', '999887111', 'Cartagena', 'centros/stl.jpg'),
(2, 'Rossel', 'RO', '#040afb', 'Paseo Alfonso XIII', '999887222', 'Cartagena', 'centros/ro.jpg');

-- --------------------------------------------------------

--
-- Estructura de tabla para la tabla `chamanes`
--

CREATE TABLE `chamanes` (
  `id` int(11) NOT NULL COMMENT 'Identificador de registro',
  `idpersona` int(11) NOT NULL COMMENT 'Identificador de persona',
  `desde` date NOT NULL COMMENT 'Desde fecha desde la cual la persona es chaman (consideración de liberación de clave)',
  `hasta` date DEFAULT NULL COMMENT 'Fecha hasta que deja de ser chaman',
  `idpunto` int(11) NOT NULL COMMENT 'Ubicación asignada al chaman',
  `idturno` int(11) NOT NULL COMMENT 'Identificador del turno asignado al chaman'
) ENGINE=InnoDB DEFAULT CHARSET=utf8 COLLATE=utf8_spanish_ci;

--
-- Volcado de datos para la tabla `chamanes`
--

INSERT INTO `chamanes` (`id`, `idpersona`, `desde`, `hasta`, `idpunto`, `idturno`) VALUES
(43, 33, '2018-01-01', '2018-02-15', 6, 1),
(50, 34, '2018-01-01', NULL, 7, 1),
(52, 33, '2018-02-16', NULL, 6, 2);

--
-- Disparadores `chamanes`
--
DELIMITER $$
CREATE TRIGGER `TBI_chamanes` BEFORE INSERT ON `chamanes` FOR EACH ROW BEGIN
    DECLARE num_rows INT;
    DECLARE msg VARCHAR(100);
    SELECT count(idpersona) FROM persona_externos WHERE idpersona  =
                                            new.idpersona
                                             AND
					    (hasta>=new.desde OR hasta is null ) AND desde<=new.desde
					     INTO num_rows;

    IF num_rows <> 0
    THEN
        set msg = concat('Error: La persona es externo y no puede ser chaman!, id persona:',cast(new.idpersona as char));

        signal sqlstate '45000' set message_text = msg;
    END IF;
    
    SELECT count(idpersona) FROM equipos_composicion WHERE idpersona  =
                                            new.idpersona
                                             AND
					    (hasta>=new.desde OR hasta is null ) AND desde<=new.desde
					     INTO num_rows;

    IF num_rows <> 0
    THEN
        set msg = concat('Error: La persona forma parte de un equipo y no puede ser chaman!, id persona:',cast(new.idpersona as char));

        signal sqlstate '45000' set message_text = msg;
    END IF;
    
    
    
END
$$
DELIMITER ;
DELIMITER $$
CREATE TRIGGER `TBU_chamanes` BEFORE UPDATE ON `chamanes` FOR EACH ROW BEGIN
    DECLARE num_rows INT;
    DECLARE msg VARCHAR(100);
    SELECT count(idpersona) FROM persona_externos WHERE idpersona  =
                                            new.idpersona
                                             AND
					    (hasta>=new.desde OR hasta is null ) AND desde<=new.desde
					     INTO num_rows;

    IF num_rows <> 0
    THEN
        set msg = concat('Error: La persona es externo y no puede ser chaman!, id persona:',cast(new.idpersona as char));

        signal sqlstate '45000' set message_text = msg;
    END IF;
    
    SELECT count(idpersona) FROM equipos_composicion WHERE idpersona  =
                                            new.idpersona
                                             AND
					    (hasta>=new.desde OR hasta is null ) AND desde<=new.desde
					     INTO num_rows;

    IF num_rows <> 0
    THEN
        set msg = concat('Error: La persona forma parte de un equimo y no puede ser chaman!, id persona:',cast(new.idpersona as char));

        signal sqlstate '45000' set message_text = msg;
    END IF;
    
    
    
END
$$
DELIMITER ;

-- --------------------------------------------------------

--
-- Estructura de tabla para la tabla `clave`
--

CREATE TABLE `clave` (
  `id` int(11) NOT NULL COMMENT 'Identificador de registro',
  `orden` int(11) NOT NULL COMMENT 'Numero preferiblemente en centenas para poder reordenar en el futuro y ajustar cadencia de turnos',
  `idturno` int(11) NOT NULL COMMENT 'Identificador del turno'
) ENGINE=InnoDB DEFAULT CHARSET=utf8 COLLATE=utf8_spanish_ci;

--
-- Volcado de datos para la tabla `clave`
--

INSERT INTO `clave` (`id`, `orden`, `idturno`) VALUES
(1, 100, 3),
(2, 200, 4),
(7, 600, 1),
(19, 500, 2),
(22, 700, 1),
(23, 300, 9);

-- --------------------------------------------------------

--
-- Estructura de tabla para la tabla `equipos`
--

CREATE TABLE `equipos` (
  `id` int(11) NOT NULL COMMENT 'Identificador de registro\n',
  `descripcion` varchar(45) COLLATE utf8_spanish_ci NOT NULL COMMENT 'Descripción y nombre del equipo',
  `codigo` varchar(5) COLLATE utf8_spanish_ci DEFAULT NULL COMMENT 'Abreviatura del equipo',
  `orden` int(11) NOT NULL COMMENT 'Orden de los equipos preferiblemente en centenas para un posterior ordenamiento',
  `color` varchar(7) COLLATE utf8_spanish_ci DEFAULT '#000000'
) ENGINE=InnoDB DEFAULT CHARSET=utf8 COLLATE=utf8_spanish_ci;

--
-- Volcado de datos para la tabla `equipos`
--

INSERT INTO `equipos` (`id`, `descripcion`, `codigo`, `orden`, `color`) VALUES
(1, 'Equipo 1', 'E1', 100, '#ff908d'),
(2, 'Equipo 2', 'E2', 200, '#f6ec78'),
(3, 'Equipo 3', 'E3', 300, '#dcffff'),
(4, 'Equipo 4', 'E4', 400, '#f8defa'),
(5, 'Equipo 5', 'E5', 500, '#f8cec6'),
(6, 'Equipo 6', 'E6', 600, '#9ef1d0');

-- --------------------------------------------------------

--
-- Estructura de tabla para la tabla `equipos_composicion`
--

CREATE TABLE `equipos_composicion` (
  `id` int(11) NOT NULL,
  `idequipo` int(11) NOT NULL,
  `idpersona` int(11) NOT NULL,
  `desde` date NOT NULL,
  `hasta` date DEFAULT NULL
) ENGINE=InnoDB DEFAULT CHARSET=utf8 COLLATE=utf8_spanish_ci;

--
-- Volcado de datos para la tabla `equipos_composicion`
--

INSERT INTO `equipos_composicion` (`id`, `idequipo`, `idpersona`, `desde`, `hasta`) VALUES
(9, 1, 5, '2018-01-01', NULL),
(10, 1, 4, '2018-01-01', NULL),
(11, 1, 10, '2018-01-01', NULL),
(12, 1, 12, '2018-01-01', NULL),
(13, 1, 2, '2018-01-01', NULL),
(14, 2, 9, '2018-01-01', NULL),
(15, 2, 8, '2018-01-01', NULL),
(16, 2, 1, '2018-01-01', NULL),
(17, 2, 3, '2018-01-01', NULL),
(18, 2, 13, '2018-01-01', NULL),
(19, 3, 6, '2018-01-01', NULL),
(20, 3, 7, '2018-01-01', NULL),
(21, 3, 14, '2018-01-01', NULL),
(22, 3, 15, '2018-01-01', NULL),
(23, 3, 16, '2018-01-01', NULL),
(24, 4, 17, '2018-01-01', NULL),
(25, 4, 18, '2018-01-01', NULL),
(26, 4, 19, '2018-01-01', NULL),
(27, 4, 20, '2018-01-01', NULL),
(28, 4, 21, '2018-01-01', NULL),
(29, 5, 22, '2018-01-01', NULL),
(30, 5, 23, '2018-01-01', NULL),
(31, 5, 24, '2018-01-01', NULL),
(32, 5, 25, '2018-01-01', NULL),
(33, 5, 26, '2018-01-01', NULL),
(34, 5, 27, '2018-01-01', NULL),
(35, 6, 28, '2018-01-01', NULL),
(36, 6, 29, '2018-01-01', NULL),
(37, 6, 30, '2018-01-01', NULL),
(38, 6, 31, '2018-01-01', NULL),
(39, 6, 32, '2018-01-01', NULL);

--
-- Disparadores `equipos_composicion`
--
DELIMITER $$
CREATE TRIGGER `TBI_equipos_composicion` BEFORE INSERT ON `equipos_composicion` FOR EACH ROW BEGIN
    DECLARE num_rows INT;
    DECLARE msg VARCHAR(100);
    SELECT count(idpersona) FROM chamanes WHERE idpersona  =
                                            new.idpersona
                                             AND
					    (chamanes.hasta>=new.desde OR chamanes.hasta is null ) AND chamanes.desde<=new.desde
					     INTO num_rows;

    IF num_rows <> 0
    THEN
        set msg = concat('Error: La persona es Chaman y no puede formar parte de ningun equipo!, id persona:',cast(new.idpersona as char));

        signal sqlstate '45000' set message_text = msg;
    END IF;
    
    SELECT count(idpersona) FROM persona_externos WHERE idpersona  =
                                            new.idpersona
                                             AND
					    (hasta>=new.desde OR hasta is null ) AND desde<=new.desde
					     INTO num_rows;

    IF num_rows <> 0
    THEN
        set msg = concat('Error: La persona es externa y no puede formar parte de ningun equipo!, id persona:',cast(new.idpersona as char));

        signal sqlstate '45000' set message_text = msg;
    END IF;
    
    
    
END
$$
DELIMITER ;
DELIMITER $$
CREATE TRIGGER `TBU_equipos_composicion` BEFORE UPDATE ON `equipos_composicion` FOR EACH ROW BEGIN
    DECLARE num_rows INT;
    DECLARE msg VARCHAR(100);
    SELECT count(idpersona) FROM chamanes WHERE idpersona  =
                                            new.idpersona
                                             AND
					    (chamanes.hasta>=new.desde OR chamanes.hasta is null ) AND chamanes.desde<=new.desde
					     INTO num_rows;

    IF num_rows <> 0
    THEN
        set msg = concat('Error: La persona es Chaman y no puede formar parte de ningun equipo!, id persona:',cast(new.idpersona as char));

        signal sqlstate '45000' set message_text = msg;
    END IF;
    
    SELECT count(idpersona) FROM persona_externos WHERE idpersona  =
                                            new.idpersona
                                             AND
					    (hasta>=new.desde OR hasta is null ) AND desde<=new.desde
					     INTO num_rows;

    IF num_rows <> 0
    THEN
        set msg = concat('Error: La persona es externa y no puede formar parte de ningun equipo!, id persona:',cast(new.idpersona as char));

        signal sqlstate '45000' set message_text = msg;
    END IF;
    
    
    
END
$$
DELIMITER ;

-- --------------------------------------------------------

--
-- Estructura de tabla para la tabla `incidencias`
--

CREATE TABLE `incidencias` (
  `id` int(11) NOT NULL COMMENT 'Identificador de registro',
  `idincidencia` int(11) NOT NULL COMMENT 'identificador al tipo de incidencia',
  `idpersona` int(11) NOT NULL COMMENT 'Identificador de persona afectada por la incidencia',
  `desde` date NOT NULL COMMENT 'Fecha de inicio de la incidencia',
  `hasta` date DEFAULT NULL COMMENT 'Fecha de final de incidencia.'
) ENGINE=InnoDB DEFAULT CHARSET=utf8 COLLATE=utf8_spanish_ci;

--
-- Volcado de datos para la tabla `incidencias`
--

INSERT INTO `incidencias` (`id`, `idincidencia`, `idpersona`, `desde`, `hasta`) VALUES
(1, 2, 18, '2018-02-10', '2018-02-22'),
(2, 1, 33, '2018-02-08', '2018-02-22'),
(3, 2, 33, '2018-01-01', '2018-01-02');

-- --------------------------------------------------------

--
-- Estructura de tabla para la tabla `migrations`
--

CREATE TABLE `migrations` (
  `id` int(10) UNSIGNED NOT NULL,
  `migration` varchar(255) COLLATE utf8mb4_unicode_ci NOT NULL,
  `batch` int(11) NOT NULL
) ENGINE=InnoDB DEFAULT CHARSET=utf8mb4 COLLATE=utf8mb4_unicode_ci;

--
-- Volcado de datos para la tabla `migrations`
--

INSERT INTO `migrations` (`id`, `migration`, `batch`) VALUES
(1, '2014_10_12_000000_create_users_table', 1),
(2, '2014_10_12_100000_create_password_resets_table', 1),
(3, '2017_11_17_123304_create_movies_table', 1);

-- --------------------------------------------------------

--
-- Estructura de tabla para la tabla `niveles`
--

CREATE TABLE `niveles` (
  `id` int(11) NOT NULL COMMENT 'Identificador de registro',
  `descripcion` varchar(45) COLLATE utf8_spanish_ci NOT NULL COMMENT 'Descripción del nivel del punto de trabajo',
  `codigo` varchar(5) COLLATE utf8_spanish_ci NOT NULL COMMENT 'Código abreviado que identifique el nivel en cuadricula',
  `color` varchar(7) COLLATE utf8_spanish_ci NOT NULL DEFAULT '000000' COMMENT 'Color RGB que representa al nivel',
  `nivel` int(11) NOT NULL COMMENT 'Numero que representa el orden de los niveles, pueden expresarse en centenas para tener la posibiliad de intercalar niveles en el futuro.'
) ENGINE=InnoDB DEFAULT CHARSET=utf8 COLLATE=utf8_spanish_ci;

--
-- Volcado de datos para la tabla `niveles`
--

INSERT INTO `niveles` (`id`, `descripcion`, `codigo`, `color`, `nivel`) VALUES
(1, 'Asistencia unidad de observación', 'uni', '#ffc4ff', 100),
(2, 'Asistencial consultas verdes', 'V', '#c3ff78', 207),
(3, 'Asistencial Amarillo', 'A', '#fffad0', 300),
(4, 'Asistencia Encamamientos', 'AE', '#ff8000', 400),
(5, 'Descansos', 'D', '#bfffff', 1000);

-- --------------------------------------------------------

--
-- Estructura de tabla para la tabla `password_resets`
--

CREATE TABLE `password_resets` (
  `email` varchar(80) COLLATE utf8mb4_unicode_ci NOT NULL,
  `token` varchar(255) COLLATE utf8mb4_unicode_ci NOT NULL,
  `created_at` timestamp NULL DEFAULT NULL
) ENGINE=InnoDB DEFAULT CHARSET=utf8mb4 COLLATE=utf8mb4_unicode_ci;

--
-- Volcado de datos para la tabla `password_resets`
--

INSERT INTO `password_resets` (`email`, `token`, `created_at`) VALUES
('dismun@dismun.com', '$2y$10$/16A.ZxJW1FKBeGivirW5Oij3OpZ45552xjaqBMwslogYB5s9YF2.', '2018-01-16 19:18:51');

-- --------------------------------------------------------

--
-- Estructura de tabla para la tabla `personas`
--

CREATE TABLE `personas` (
  `id` int(11) NOT NULL COMMENT 'Identificador de registro',
  `nombre` varchar(45) COLLATE utf8_spanish_ci NOT NULL COMMENT 'Nombre de l persona',
  `telefonos` varchar(45) COLLATE utf8_spanish_ci DEFAULT NULL COMMENT 'Teléfonos de contacto',
  `email` varchar(45) COLLATE utf8_spanish_ci DEFAULT NULL COMMENT 'Correo electronico',
  `urlfoto` varchar(45) COLLATE utf8_spanish_ci DEFAULT 'personal/NoFoto.gif' COMMENT 'Vinculo a una foto de la persona.',
  `activo` tinyint(4) NOT NULL DEFAULT '1' COMMENT 'Campo para dar de baja o ignorar al personal que interese. '
) ENGINE=InnoDB DEFAULT CHARSET=utf8 COLLATE=utf8_spanish_ci;

--
-- Volcado de datos para la tabla `personas`
--

INSERT INTO `personas` (`id`, `nombre`, `telefonos`, `email`, `urlfoto`, `activo`) VALUES
(0, 'Vacio', NULL, NULL, 'personal/NoFoto.gif', 0),
(1, 'Mcm', '968112233', 'me1@quides.es', 'personal/NoFoto.gif', 1),
(2, 'Leandro', '968112233', 'me2@quides.es', 'personal/NoFoto.gif', 1),
(3, 'Toñi', '968112233', 'me3@quides.es', 'personal/NoFoto.gif', 1),
(4, 'Ruben', '968112233', 'me4@quides.es', 'personal/NoFoto.gif', 1),
(5, 'Luichi', '968112233', 'me1@quides.es', 'personal/NoFoto.gif', 1),
(6, 'Miki', '968112233', 'me2@quides.es', 'personal/NoFoto.gif', 1),
(7, 'Paola', '968112233', 'me1@quides.es', 'personal/NoFoto.gif', 1),
(8, 'Nasser', '968112233', 'me2@quides.es', 'personal/NoFoto.gif', 1),
(9, 'Jesus Gin', '968112233', 'me2@quides.es', 'personal/NoFoto.gif', 1),
(10, 'Hugo', '968112233 968514594 619230465', 'mediezderebenga@quides.es', 'personal/NoFoto.gif', 1),
(12, 'Alicia', '4454545', 'lopez@ddd.es', 'personal/NoFoto.gif', 1),
(13, 'Marga', '555', 'lopez@ddd.es', 'personal/NoFoto.gif', 1),
(14, 'Ana Barba', '23424234', 'dasdasd@sfsdf.com', 'personal/NoFoto.gif', 1),
(15, 'Ana Carrillo', '619230465', 'ana@carrillo.com', 'personal/NoFoto.gif', 1),
(16, 'Alberto', '619230465', 'alberto@alberto.es', 'personal/NoFoto.gif', 1),
(17, 'Montoro', '619230465', 'Montoro@xn--tocameelcoo-beb.es', 'personal/NoFoto.gif', 1),
(18, 'A. Victoria', '4454545', 'a@victoria.es', 'personal/NoFoto.gif', 1),
(19, 'Ana Isabel', '659563281', 'ana@isabel.es', 'personal/NoFoto.gif', 1),
(20, 'Paco G.', '619230465', 'Paco@g.es', 'personal/NoFoto.gif', 1),
(21, 'Juanma', '619230465', 'Juan@ma.es', 'personal/NoFoto.gif', 1),
(22, 'Imanol', '659563281', 'Ima@nol.es', 'personal/NoFoto.gif', 1),
(23, 'Grego', '659563281', 'gre@go.es', 'personal/NoFoto.gif', 1),
(24, 'Sofia', '659563281', 'Sofia@sofia.es', 'personal/NoFoto.gif', 1),
(25, 'Andrés B', '659563281', 'andres@b.es', 'personal/NoFoto.gif', 1),
(26, 'Leticia', '659563281', 'Leticia@leticia.es', 'personal/NoFoto.gif', 1),
(27, 'Fernando (IT Andres)', '777666', 'fernando@itandres.es', 'personal/NoFoto.gif', 1),
(28, 'Vanesa', '659563281', 'Vanesa@vanesa.es', 'personal/NoFoto.gif', 1),
(29, 'Rocio', '659563281', 'Rocio@rocio.es', 'personal/NoFoto.gif', 1),
(30, 'Paqui', '777666', 'Paqui@garcia.es', 'personal/NoFoto.gif', 1),
(31, 'E. Guirao', '659563281', 'e@guirao.es', 'personal/NoFoto.gif', 1),
(32, 'A. Gonzalez', '659563281', 'a@gonzalez.es', 'personal/NoFoto.gif', 1),
(33, 'Agustín', '659563281', 'agustin@agus.es', 'personal/NoFoto.gif', 1),
(34, 'Enrique', '659563281', 'Enrique@manipulador.es', 'personal/NoFoto.gif', 1),
(35, 'León', '619230465', 'Leon@seat.es', 'personal/NoFoto.gif', 1),
(36, 'Lola', '659563281', 'Lola@lali.es', 'personal/NoFoto.gif', 1),
(37, 'Ramón', '659563281', 'Ramon@liron.es', 'personal/NoFoto.gif', 1),
(38, 'Mj Gomez', '659563281', 'mj@gomez.es', 'personal/NoFoto.gif', 1),
(39, 'Jesus Cruzado', '659563281', 'Jesus@cruzado.es', 'personal/NoFoto.gif', 1),
(40, 'Nai', '619230465', 'Nai@nai.es', 'personal/NoFoto.gif', 1),
(41, 'Car', '659563281', 'CAr@car.es', 'personal/NoFoto.gif', 1),
(42, 'Lau', '659563281', 'Lau@lau.es', 'personal/NoFoto.gif', 1),
(43, 'Bok', '659563281', 'Bok@bok.es', 'personal/NoFoto.gif', 1),
(44, 'Oma', '659563281', 'oma@oma.es', 'personal/NoFoto.gif', 1),
(45, 'And', '659563281', 'andres@b.es', 'personal/NoFoto.gif', 1),
(46, 'Linder', '659563281', 'linder@super.es', 'personal/NoFoto.gif', 1),
(47, 'Ele', '659563281', 'ele@ele.es', 'personal/NoFoto.gif', 1),
(48, 'Isa', '659563281', 'isa@isa.es', 'personal/NoFoto.gif', 1),
(49, 'Ces', '659563281', 'ces@ces.es', 'personal/NoFoto.gif', 1),
(50, 'Lui', '659563281', 'Lui@frg.es', 'personal/NoFoto.gif', 1),
(51, 'San', '619230465', 'San@kkk.es', 'personal/NoFoto.gif', 1),
(52, 'Mr co', '659563281', 'mr@fco.es', 'personal/NoFoto.gif', 1),
(53, 'Joa', '659563281', 'Joa@kin.es', 'personal/NoFoto.gif', 1),
(54, 'Leo', '659563281', 'Leo@yas.es', 'personal/NoFoto.gif', 1),
(55, 'Yas', '659563281', 'Yas@ta.es', 'personal/NoFoto.gif', 1),
(56, 'Ale', '659563281', 'ale@ale.es', 'personal/NoFoto.gif', 1),
(57, 'Carmen', '659563281', 'Carmen@carmen.es', 'personal/NoFoto.gif', 1),
(58, 'Cay', '659563281', 'Cay@cay.es', 'personal/NoFoto.gif', 1),
(59, 'Con', '659563281', 'Con@suelo.es', 'personal/NoFoto.gif', 1),
(60, 'Orl', '659563281', 'Orl@lando.es', 'personal/NoFoto.gif', 1),
(61, 'Gui', '659563281', 'Gui@quepisao.es', 'personal/NoFoto.gif', 1);

-- --------------------------------------------------------

--
-- Estructura de tabla para la tabla `persona_externos`
--

CREATE TABLE `persona_externos` (
  `id` int(11) NOT NULL COMMENT 'Identificador de registro',
  `idpersona` int(11) NOT NULL COMMENT 'Identificador de la persona',
  `idcategoria` int(11) NOT NULL COMMENT 'Identificador de la categoría de esa persona',
  `lugar_trabajo` varchar(30) COLLATE utf8_spanish_ci DEFAULT NULL COMMENT 'Lugar donde localizarlo',
  `predisposicion` varchar(45) COLLATE utf8_spanish_ci DEFAULT NULL COMMENT 'Nivel de Disponibilidad',
  `desde` date NOT NULL COMMENT 'Desde que dia desempeña esa categoria el trabajador.',
  `hasta` date DEFAULT NULL COMMENT 'Hasta que día desempeña esa categoría el trabajador.'
) ENGINE=InnoDB DEFAULT CHARSET=utf8 COLLATE=utf8_spanish_ci;

--
-- Volcado de datos para la tabla `persona_externos`
--

INSERT INTO `persona_externos` (`id`, `idpersona`, `idcategoria`, `lugar_trabajo`, `predisposicion`, `desde`, `hasta`) VALUES
(1, 44, 1, NULL, NULL, '2018-01-01', NULL),
(2, 40, 1, NULL, NULL, '2018-01-01', NULL),
(3, 43, 1, NULL, NULL, '2018-01-01', NULL),
(4, 41, 2, NULL, NULL, '2018-01-01', NULL),
(5, 56, 2, NULL, NULL, '2018-01-01', NULL),
(6, 61, 2, NULL, NULL, '2018-01-01', NULL),
(7, 45, 2, NULL, NULL, '2018-01-01', NULL),
(8, 48, 2, NULL, NULL, '2018-01-01', NULL),
(9, 55, 2, NULL, NULL, '2018-01-01', NULL),
(10, 52, 2, NULL, NULL, '2018-01-01', NULL),
(11, 49, 2, NULL, NULL, '2018-01-01', NULL),
(12, 58, 2, NULL, NULL, '2018-01-01', NULL),
(13, 47, 3, NULL, NULL, '2018-01-01', NULL),
(14, 60, 3, NULL, NULL, '2018-01-01', NULL),
(15, 54, 3, NULL, NULL, '2018-01-01', NULL),
(16, 46, 3, NULL, NULL, '2018-01-01', NULL),
(17, 57, 3, NULL, NULL, '2018-01-01', NULL),
(18, 50, 3, NULL, NULL, '2018-01-01', NULL),
(19, 53, 3, NULL, NULL, '2018-01-01', NULL),
(20, 51, 3, NULL, NULL, '2018-01-01', NULL),
(21, 42, 3, NULL, NULL, '2018-01-01', NULL),
(22, 59, 3, NULL, NULL, '2018-01-01', NULL);

--
-- Disparadores `persona_externos`
--
DELIMITER $$
CREATE TRIGGER `TBI_persona_externos` BEFORE INSERT ON `persona_externos` FOR EACH ROW BEGIN
    DECLARE num_rows INT;
    DECLARE msg VARCHAR(100);
    SELECT count(idpersona) FROM chamanes WHERE idpersona  =
                                            new.idpersona
                                             AND
					    (hasta>=new.desde OR hasta is null ) AND desde<=new.desde
					     INTO num_rows;

    IF num_rows <> 0
    THEN
        set msg = concat('Error: La persona es chaman y no puede ser externo!, id persona:',cast(new.idpersona as char));

        signal sqlstate '45000' set message_text = msg;
    END IF;
    
    SELECT count(idpersona) FROM equipos_composicion WHERE idpersona  =
                                            new.idpersona
                                             AND
					    (hasta>=new.desde OR hasta is null ) AND desde<=new.desde
					     INTO num_rows;

    IF num_rows <> 0
    THEN
        set msg = concat('Error: La persona forma parte de un equimo y no puede ser externa!, id persona:',cast(new.idpersona as char));

        signal sqlstate '45000' set message_text = msg;
    END IF;
    
    
    
END
$$
DELIMITER ;
DELIMITER $$
CREATE TRIGGER `TBu_persona_externos` BEFORE UPDATE ON `persona_externos` FOR EACH ROW BEGIN
    DECLARE num_rows INT;
    DECLARE msg VARCHAR(100);
    SELECT count(idpersona) FROM chamanes WHERE idpersona  =
                                            new.idpersona
                                             AND
					    (hasta>=new.desde OR hasta is null ) AND desde<=new.desde
					     INTO num_rows;

    IF num_rows <> 0
    THEN
        set msg = concat('Error: La persona es chaman y no puede ser externo!, id persona:',cast(new.idpersona as char));

        signal sqlstate '45000' set message_text = msg;
    END IF;
    
    SELECT count(idpersona) FROM equipos_composicion WHERE idpersona  =
                                            new.idpersona
                                             AND
					    (hasta>=new.desde OR hasta is null ) AND desde<=new.desde
					     INTO num_rows;

    IF num_rows <> 0
    THEN
        set msg = concat('Error: La persona forma parte de un equimo y no puede ser externa!, id persona:',cast(new.idpersona as char));

        signal sqlstate '45000' set message_text = msg;
    END IF;
    
    
    
END
$$
DELIMITER ;

-- --------------------------------------------------------

--
-- Estructura de tabla para la tabla `puntos`
--

CREATE TABLE `puntos` (
  `id` int(11) NOT NULL COMMENT 'Identificador de registro',
  `descripcion` varchar(45) COLLATE utf8_spanish_ci NOT NULL,
  `codigo` varchar(5) COLLATE utf8_spanish_ci NOT NULL COMMENT 'Abreviatura que identifique el punto o ubicación de trabajo',
  `idcentro` int(11) NOT NULL COMMENT 'Identificador del centro donde está ubicado el punto de trabajo',
  `idnivel` int(11) NOT NULL COMMENT 'Identificador de nivel del punto seleccionado. Este identificador relacina el color del nivel para el punto de trabajo.',
  `prioridad` int(11) NOT NULL COMMENT 'Numero que establezca la prioridad a la hora de repartir personas en las ubicaciones o puntos, preferiblemante en centenas para poder intercalar nuevas ubicaciones en el futuro.',
  `guardia` tinyint(4) NOT NULL DEFAULT '0'
) ENGINE=InnoDB DEFAULT CHARSET=utf8 COLLATE=utf8_spanish_ci;

--
-- Volcado de datos para la tabla `puntos`
--

INSERT INTO `puntos` (`id`, `descripcion`, `codigo`, `idcentro`, `idnivel`, `prioridad`, `guardia`) VALUES
(1, 'Unidad 1', 'U1', 1, 1, 80, 0),
(3, 'Consulta General 1', 'V1', 1, 2, 100, 0),
(4, 'Consulta General 2', 'V2', 1, 2, 110, 0),
(5, 'Consula 4', 'C4', 1, 3, 140, 0),
(6, 'Consulta 5', 'C5', 1, 3, 150, 0),
(7, 'Consula 6', 'C6', 1, 3, 160, 0),
(8, 'Consulta 7', 'C7', 1, 3, 170, 0),
(9, 'Consula 8', 'C8', 1, 3, 180, 0),
(10, 'Consulta 9', 'C9', 1, 3, 190, 0),
(11, 'Consula 10', 'C10', 1, 3, 200, 0),
(12, 'Consulta 11', 'C11', 1, 3, 210, 0),
(13, 'Consulta 12', 'C12', 2, 3, 220, 0),
(14, 'Consulta 13', 'C13', 2, 3, 230, 0),
(15, 'Responsable de Guardia', 'R', 1, 1, 10, 1),
(16, 'Guardia 1 STL', '1', 1, 1, 20, 1),
(26, 'Unidad 2', 'U2', 1, 1, 90, 0),
(53, 'Guardia 3  STL', '3', 1, 1, 40, 1),
(54, 'Guardia 2  STL', '2', 1, 1, 30, 1),
(55, 'Guardia 4  STL', '4', 1, 1, 50, 1),
(57, 'Guardia 5 RO', '5', 2, 1, 60, 1),
(58, 'Guardia 6 RO', '6', 2, 1, 70, 1),
(60, 'Consulta 14', 'C14', 2, 3, 240, 0),
(68, 'Unidad de preingreso', 'UPI', 1, 4, 120, 0),
(69, 'Consultor de Residentes', 'CR', 1, 3, 130, 0),
(70, 'Descanso Guardia', 'DG', 1, 5, 260, 0),
(71, 'Actividad extra asistencial', 'AEA', 2, 5, 250, 0);

-- --------------------------------------------------------

--
-- Estructura de tabla para la tabla `puntos_detalle`
--

CREATE TABLE `puntos_detalle` (
  `id` int(11) NOT NULL,
  `idpunto` int(11) NOT NULL,
  `idturno` int(11) NOT NULL,
  `lunes` tinyint(1) NOT NULL DEFAULT '1',
  `martes` tinyint(1) NOT NULL DEFAULT '1',
  `miercoles` tinyint(1) NOT NULL DEFAULT '1',
  `jueves` tinyint(1) NOT NULL DEFAULT '1',
  `viernes` tinyint(1) NOT NULL DEFAULT '1',
  `sabado` tinyint(1) NOT NULL DEFAULT '0',
  `domingo` tinyint(1) NOT NULL DEFAULT '0',
  `festivo` tinyint(1) NOT NULL DEFAULT '0'
) ENGINE=InnoDB DEFAULT CHARSET=utf8 COLLATE=utf8_spanish_ci COMMENT='Control de turnos en puntos';

--
-- Volcado de datos para la tabla `puntos_detalle`
--

INSERT INTO `puntos_detalle` (`id`, `idpunto`, `idturno`, `lunes`, `martes`, `miercoles`, `jueves`, `viernes`, `sabado`, `domingo`, `festivo`) VALUES
(1, 15, 3, 1, 1, 1, 1, 1, 1, 1, 1),
(5, 3, 1, 1, 1, 1, 1, 1, 1, 0, 0),
(6, 3, 2, 1, 1, 1, 1, 1, 0, 0, 0),
(10, 4, 1, 1, 1, 1, 1, 1, 0, 0, 0),
(11, 4, 2, 1, 1, 1, 1, 1, 0, 0, 0),
(12, 9, 1, 1, 1, 1, 1, 1, 0, 0, 0),
(13, 16, 3, 1, 1, 1, 1, 1, 1, 1, 1),
(14, 54, 3, 1, 1, 1, 1, 1, 1, 1, 1),
(15, 53, 3, 1, 1, 1, 1, 1, 1, 1, 1),
(16, 55, 3, 1, 1, 1, 1, 1, 1, 1, 1),
(17, 57, 3, 1, 1, 1, 1, 1, 1, 1, 1),
(18, 58, 3, 0, 0, 0, 0, 0, 0, 1, 1),
(19, 6, 1, 1, 1, 1, 1, 1, 0, 0, 0),
(20, 7, 1, 1, 1, 1, 1, 1, 0, 0, 0),
(21, 6, 2, 1, 1, 1, 1, 1, 0, 0, 0),
(22, 1, 1, 1, 1, 1, 1, 1, 1, 0, 0),
(23, 26, 1, 1, 1, 1, 1, 1, 0, 0, 0),
(24, 7, 2, 1, 1, 1, 1, 1, 0, 0, 0),
(25, 9, 2, 1, 1, 1, 1, 1, 0, 0, 0),
(26, 5, 1, 1, 1, 1, 1, 1, 0, 0, 0),
(27, 5, 2, 1, 1, 1, 1, 1, 0, 0, 0),
(28, 8, 1, 1, 1, 1, 1, 1, 0, 0, 0),
(30, 10, 1, 1, 1, 1, 1, 1, 0, 0, 0),
(32, 11, 1, 1, 1, 1, 1, 1, 0, 0, 0),
(34, 12, 1, 1, 1, 1, 1, 1, 0, 0, 0),
(35, 13, 1, 1, 1, 1, 1, 1, 0, 0, 0),
(36, 14, 1, 1, 1, 1, 1, 1, 0, 0, 0),
(37, 60, 1, 1, 1, 1, 1, 1, 0, 0, 0);

-- --------------------------------------------------------

--
-- Estructura de tabla para la tabla `sabadosydomingos`
--

CREATE TABLE `sabadosydomingos` (
  `id` int(11) NOT NULL COMMENT 'Identificador de registro',
  `idpunto` int(11) NOT NULL COMMENT 'Identificador de Punto',
  `idturno` int(11) NOT NULL COMMENT 'Identificador de Turno',
  `sabados` tinyint(4) NOT NULL DEFAULT '0' COMMENT 'Consideración de laborable las sabados por la mañana',
  `domingos` tinyint(4) NOT NULL DEFAULT '0' COMMENT 'Consideración de laborable',
  `desde` date NOT NULL COMMENT 'Consideraciones desde la fecha',
  `hasta` date DEFAULT NULL COMMENT 'Consideraciones hasta la fecha'
) ENGINE=InnoDB DEFAULT CHARSET=utf8 COLLATE=utf8_spanish_ci;

--
-- Volcado de datos para la tabla `sabadosydomingos`
--

INSERT INTO `sabadosydomingos` (`id`, `idpunto`, `idturno`, `sabados`, `domingos`, `desde`, `hasta`) VALUES
(22, 3, 1, 1, 0, '2018-01-01', NULL),
(23, 5, 1, 1, 0, '2018-01-01', NULL);

-- --------------------------------------------------------

--
-- Estructura de tabla para la tabla `sustituciones`
--

CREATE TABLE `sustituciones` (
  `id` int(11) NOT NULL COMMENT 'Identificador de registro',
  `idpersona` int(11) NOT NULL COMMENT 'Identificador de la persona sustituida',
  `idpersona_externa` int(11) NOT NULL COMMENT 'Identificador del sustituto (persona_externa)',
  `desde` date NOT NULL COMMENT 'Fecha de inicio de la sustitución',
  `hasta` date DEFAULT NULL COMMENT 'Fecha en la que termina la sustitución'
) ENGINE=InnoDB DEFAULT CHARSET=utf8 COLLATE=utf8_spanish_ci;

--
-- Volcado de datos para la tabla `sustituciones`
--

INSERT INTO `sustituciones` (`id`, `idpersona`, `idpersona_externa`, `desde`, `hasta`) VALUES
(1, 18, 17, '2018-02-15', '2018-02-19'),
(3, 33, 8, '2018-01-01', '2018-01-02');

-- --------------------------------------------------------

--
-- Estructura de tabla para la tabla `tipos_incidencias`
--

CREATE TABLE `tipos_incidencias` (
  `id` int(11) NOT NULL COMMENT 'Identificador de registro',
  `descripcion` varchar(45) COLLATE utf8_spanish_ci NOT NULL COMMENT 'Descripción de la incidencia.',
  `codigo` varchar(5) COLLATE utf8_spanish_ci NOT NULL,
  `color` varchar(7) COLLATE utf8_spanish_ci DEFAULT '#000000'
) ENGINE=InnoDB DEFAULT CHARSET=utf8 COLLATE=utf8_spanish_ci;

--
-- Volcado de datos para la tabla `tipos_incidencias`
--

INSERT INTO `tipos_incidencias` (`id`, `descripcion`, `codigo`, `color`) VALUES
(1, 'Vacaciones', 'V', '#a3ff80'),
(2, 'IT Accidente', 'IT', '#fc0000'),
(3, 'IT Enfermedad', 'IT', '#000000'),
(5, 'Permiso Personal', 'PP', '#000000'),
(6, 'Comision de Servicios', 'CS', '#000000'),
(7, 'Libre disposición', 'LD', '#8bc3ff'),
(8, 'Permiso Particular', 'PP', '#a8bebb');

-- --------------------------------------------------------

--
-- Estructura de tabla para la tabla `turnos`
--

CREATE TABLE `turnos` (
  `id` int(11) NOT NULL COMMENT 'Identificador de regidtro',
  `descripcion` varchar(45) COLLATE utf8_spanish_ci NOT NULL COMMENT 'Descripción de la jornada.',
  `desde` time(4) NOT NULL COMMENT 'Hora de inicio del turno',
  `hasta` time(4) NOT NULL COMMENT 'Hora de finalización del turno',
  `codigo` varchar(5) COLLATE utf8_spanish_ci NOT NULL COMMENT 'Código o abreviatura que representa al turno M mañana T tarde',
  `activo` tinyint(4) NOT NULL DEFAULT '1' COMMENT 'Para poder dejar en desuso',
  `horas` decimal(10,2) DEFAULT '7.00'
) ENGINE=InnoDB DEFAULT CHARSET=utf8 COLLATE=utf8_spanish_ci;

--
-- Volcado de datos para la tabla `turnos`
--

INSERT INTO `turnos` (`id`, `descripcion`, `desde`, `hasta`, `codigo`, `activo`, `horas`) VALUES
(1, 'Mañana', '08:00:00.0000', '15:00:00.0000', 'M', 1, '7.00'),
(2, 'Tarde', '15:00:00.0000', '22:00:00.0000', 'T', 1, '7.00'),
(3, 'Guardia', '08:00:00.0000', '07:59:00.0000', 'G', 1, '24.00'),
(4, 'Descanso Guardia', '08:00:00.0000', '07:59:00.0000', 'D', 1, '0.00'),
(9, 'Actividad extra asistencial', '08:00:00.0000', '15:00:00.0000', 'AEA', 1, '0.00');

-- --------------------------------------------------------

--
-- Estructura de tabla para la tabla `users`
--

CREATE TABLE `users` (
  `id` int(10) UNSIGNED NOT NULL,
  `name` varchar(80) COLLATE utf8mb4_unicode_ci NOT NULL,
  `email` varchar(80) COLLATE utf8mb4_unicode_ci NOT NULL,
  `password` varchar(80) COLLATE utf8mb4_unicode_ci NOT NULL,
  `admin` tinyint(1) NOT NULL DEFAULT '0',
  `remember_token` varchar(100) COLLATE utf8mb4_unicode_ci DEFAULT NULL,
  `created_at` timestamp NULL DEFAULT NULL,
  `updated_at` timestamp NULL DEFAULT NULL
) ENGINE=InnoDB DEFAULT CHARSET=utf8mb4 COLLATE=utf8mb4_unicode_ci;

--
-- Volcado de datos para la tabla `users`
--

INSERT INTO `users` (`id`, `name`, `email`, `password`, `admin`, `remember_token`, `created_at`, `updated_at`) VALUES
(1, 'Francisco Andrés', 'dismun@dismun.com', '$2y$10$vjoKWYE4N7PogeXu51JDM.xDK98vWRu7SokKkhyGDkw1oL2NL9OcW', 1, 'YV2JedL5bhie7aalrzOjiYIpxjcXHEq2cc5hdW4iIfkoDEZDvxOKbx71gjm8', '2017-12-17 16:40:36', '2017-12-17 16:40:36'),
(2, 'Pedro', 'k22@dismun.com', '$2y$10$LC6XzAC5AoYkt4EtGqzKGOTwdsYtIdnk3DWS3YKV3K1NMLv05/Bg2', 1, 'JADHXAI5lzjWX6qWRHjVN2x2XLwLXiGO4VsAwzr292Azrs8qoCrecANrUgIz', '2017-12-17 16:43:26', '2017-12-17 16:43:26'),
(3, 'Juan', 'casa@dismun.com', '$2y$10$X0p.Zkz6YOGNlOPh92KuLumxzVlI9V5w49hn/P3xPR9zklz0oDmMi', 0, '5YLgtja9xQAlO6ThDzBErjibaovXnRWmyaOV3CZ5RBbOFl5KiAlX3gDxZNvg', '2017-12-20 21:11:16', '2017-12-20 21:11:16'),
(4, 'Pedro', 'Paco@g.es', '$2y$10$DGRW3zrV3dkAefMSqafJ5eWlmIUl3L8VdeqSVRGmsYyv0PQfNeD1G', 0, 'w0qgcg6aYB5GrPxe098aHNsnvUDHflFM1eyyWehYHYqzGWyZvPNaMWJcT6DW', '2018-01-16 11:49:03', '2018-01-16 11:49:03');

-- --------------------------------------------------------

--
-- Estructura Stand-in para la vista `viewbosquejo1`
-- (Véase abajo para la vista actual)
--
CREATE TABLE `viewbosquejo1` (
`fecha` date
,`id` bigint(11)
,`bloqueado` tinyint(4)
,`nombre` varchar(45)
,`codigoturno` varchar(5)
,`turno` varchar(45)
,`codigopunto` varchar(5)
,`punto` varchar(45)
,`colornivel` varchar(7)
,`nivel` varchar(45)
,`centro` varchar(45)
,`colorcentro` varchar(7)
,`codigocentro` varchar(5)
);

-- --------------------------------------------------------

--
-- Estructura Stand-in para la vista `viewbosquejo2`
-- (Véase abajo para la vista actual)
--
CREATE TABLE `viewbosquejo2` (
`fecha` date
,`id` bigint(11)
,`bloqueado` tinyint(4)
,`nombre` varchar(45)
,`idperona` int(11)
,`codigoturno` varchar(5)
,`turno` varchar(45)
,`codigopunto` varchar(5)
,`punto` varchar(45)
,`colornivel` varchar(7)
,`nivel` varchar(45)
,`centro` varchar(45)
,`colorcentro` varchar(7)
,`codigocentro` varchar(5)
,`codigoequipo` varchar(5)
,`colorequipo` varchar(7)
,`ordenequipo` int(11)
,`ideqcomp` int(11)
);

-- --------------------------------------------------------

--
-- Estructura Stand-in para la vista `viewbosquejo3`
-- (Véase abajo para la vista actual)
--
CREATE TABLE `viewbosquejo3` (
`fecha` date
,`id` bigint(11)
,`bloqueado` tinyint(4)
,`nombre` varchar(45)
,`idpersona` int(11)
,`codigoturno` varchar(5)
,`turno` varchar(45)
,`codigopunto` varchar(5)
,`punto` varchar(45)
,`colornivel` varchar(7)
,`nivel` varchar(45)
,`centro` varchar(45)
,`colorcentro` varchar(7)
,`codigocentro` varchar(5)
,`codigoequipo` varchar(5)
,`colorequipo` varchar(7)
,`ordenequipo` int(11)
,`ideqcomp` int(11)
);

-- --------------------------------------------------------

--
-- Estructura Stand-in para la vista `viewchamanes`
-- (Véase abajo para la vista actual)
--
CREATE TABLE `viewchamanes` (
`fecha` date
,`id` bigint(11)
,`bloqueado` tinyint(4)
,`nombre` varchar(45)
,`idpersona` int(11)
,`codigoturno` varchar(5)
,`turno` varchar(45)
,`codigopunto` varchar(5)
,`punto` varchar(45)
,`colornivel` varchar(7)
,`nivel` varchar(45)
,`centro` varchar(45)
,`colorcentro` varchar(7)
,`codigocentro` varchar(5)
);

-- --------------------------------------------------------

--
-- Estructura Stand-in para la vista `view_externos`
-- (Véase abajo para la vista actual)
--
CREATE TABLE `view_externos` (
`id` int(11)
,`nombre` varchar(45)
,`desde` date
,`hasta` date
);


--
-- Índices para tablas volcadas
--

--
-- Indices de la tabla `bosquejo`
--
ALTER TABLE `bosquejo`
  ADD PRIMARY KEY (`id`),
  ADD UNIQUE KEY `unq_fecha_persona` (`fecha`,`idpersona`,`idturno`,`idpunto`) USING BTREE,
  ADD KEY `fk_personas_bosquejo_idx` (`idpersona`),
  ADD KEY `fk_turnos_bosquejo_idx` (`idturno`),
  ADD KEY `fk_puntos_bosquejo_idx` (`idpunto`);

--
-- Indices de la tabla `calendario_laboral`
--
ALTER TABLE `calendario_laboral`
  ADD PRIMARY KEY (`id`);

--
-- Indices de la tabla `categorias_externos`
--
ALTER TABLE `categorias_externos`
  ADD PRIMARY KEY (`id`);

--
-- Indices de la tabla `centros`
--
ALTER TABLE `centros`
  ADD PRIMARY KEY (`id`);

--
-- Indices de la tabla `chamanes`
--
ALTER TABLE `chamanes`
  ADD PRIMARY KEY (`id`),
  ADD KEY `fk_personas_chamanes_idx` (`idpersona`),
  ADD KEY `fk_puntos_chamanes_idx` (`idpunto`),
  ADD KEY `fk_turnos_chamanes_idx` (`idturno`);

--
-- Indices de la tabla `clave`
--
ALTER TABLE `clave`
  ADD PRIMARY KEY (`id`),
  ADD KEY `fk_turnos_clave_idx` (`idturno`);

--
-- Indices de la tabla `equipos`
--
ALTER TABLE `equipos`
  ADD PRIMARY KEY (`id`);

--
-- Indices de la tabla `equipos_composicion`
--
ALTER TABLE `equipos_composicion`
  ADD PRIMARY KEY (`id`),
  ADD KEY `fk_equipos_eq_composicion_idx` (`idequipo`),
  ADD KEY `fk_personas_eq_composicion_idx` (`idpersona`);

--
-- Indices de la tabla `incidencias`
--
ALTER TABLE `incidencias`
  ADD PRIMARY KEY (`id`),
  ADD KEY `fk_tipos_incidencias_incidencias_idx` (`idincidencia`),
  ADD KEY `fk_personas_incidencia_idx` (`idpersona`);

--
-- Indices de la tabla `migrations`
--
ALTER TABLE `migrations`
  ADD PRIMARY KEY (`id`);

--
-- Indices de la tabla `niveles`
--
ALTER TABLE `niveles`
  ADD PRIMARY KEY (`id`);

--
-- Indices de la tabla `password_resets`
--
ALTER TABLE `password_resets`
  ADD KEY `password_resets_email_index` (`email`);

--
-- Indices de la tabla `personas`
--
ALTER TABLE `personas`
  ADD PRIMARY KEY (`id`),
  ADD UNIQUE KEY `UNQ_nombre` (`nombre`);

--
-- Indices de la tabla `persona_externos`
--
ALTER TABLE `persona_externos`
  ADD PRIMARY KEY (`id`),
  ADD KEY `fk_personas_persona_externos_idx` (`idpersona`),
  ADD KEY `fk_categoria_persona_externos_idx` (`idcategoria`);

--
-- Indices de la tabla `puntos`
--
ALTER TABLE `puntos`
  ADD PRIMARY KEY (`id`),
  ADD KEY `fk_centros_puntos_idx` (`idcentro`),
  ADD KEY `fk_niveles_puntos_idx` (`idnivel`);

--
-- Indices de la tabla `puntos_detalle`
--
ALTER TABLE `puntos_detalle`
  ADD PRIMARY KEY (`id`),
  ADD KEY `fk_puntos_puntosdetalle_idx` (`idpunto`),
  ADD KEY `fk_turnos_puntos_detalle_idx` (`idturno`);

--
-- Indices de la tabla `sabadosydomingos`
--
ALTER TABLE `sabadosydomingos`
  ADD PRIMARY KEY (`id`),
  ADD KEY `fk_puntos_sabadosydomingos_idx` (`idpunto`),
  ADD KEY `fk_turnos_sabadosydomingos_idx` (`idturno`);

--
-- Indices de la tabla `sustituciones`
--
ALTER TABLE `sustituciones`
  ADD PRIMARY KEY (`id`),
  ADD KEY `fk_persona_sustituciones_idx` (`idpersona`),
  ADD KEY `fk_persona_externa_sustituciones_idx` (`idpersona_externa`);

--
-- Indices de la tabla `tipos_incidencias`
--
ALTER TABLE `tipos_incidencias`
  ADD PRIMARY KEY (`id`);

--
-- Indices de la tabla `turnos`
--
ALTER TABLE `turnos`
  ADD PRIMARY KEY (`id`);

--
-- Indices de la tabla `users`
--
ALTER TABLE `users`
  ADD PRIMARY KEY (`id`),
  ADD UNIQUE KEY `users_email_unique` (`email`);

--
-- AUTO_INCREMENT de las tablas volcadas
--

--
-- AUTO_INCREMENT de la tabla `bosquejo`
--
ALTER TABLE `bosquejo`
  MODIFY `id` bigint(11) NOT NULL AUTO_INCREMENT COMMENT 'Identificador de registro', AUTO_INCREMENT=26468;

--
-- AUTO_INCREMENT de la tabla `calendario_laboral`
--
ALTER TABLE `calendario_laboral`
  MODIFY `id` int(11) NOT NULL AUTO_INCREMENT COMMENT 'Identificador de registro', AUTO_INCREMENT=21;

--
-- AUTO_INCREMENT de la tabla `categorias_externos`
--
ALTER TABLE `categorias_externos`
  MODIFY `id` int(11) NOT NULL AUTO_INCREMENT COMMENT 'Identificador de registro', AUTO_INCREMENT=4;

--
-- AUTO_INCREMENT de la tabla `centros`
--
ALTER TABLE `centros`
  MODIFY `id` int(11) NOT NULL AUTO_INCREMENT COMMENT 'Identificador de Reginstro', AUTO_INCREMENT=3;

--
-- AUTO_INCREMENT de la tabla `chamanes`
--
ALTER TABLE `chamanes`
  MODIFY `id` int(11) NOT NULL AUTO_INCREMENT COMMENT 'Identificador de registro', AUTO_INCREMENT=53;

--
-- AUTO_INCREMENT de la tabla `clave`
--
ALTER TABLE `clave`
  MODIFY `id` int(11) NOT NULL AUTO_INCREMENT COMMENT 'Identificador de registro', AUTO_INCREMENT=24;

--
-- AUTO_INCREMENT de la tabla `equipos`
--
ALTER TABLE `equipos`
  MODIFY `id` int(11) NOT NULL AUTO_INCREMENT COMMENT 'Identificador de registro\n', AUTO_INCREMENT=7;

--
-- AUTO_INCREMENT de la tabla `equipos_composicion`
--
ALTER TABLE `equipos_composicion`
  MODIFY `id` int(11) NOT NULL AUTO_INCREMENT, AUTO_INCREMENT=40;

--
-- AUTO_INCREMENT de la tabla `incidencias`
--
ALTER TABLE `incidencias`
  MODIFY `id` int(11) NOT NULL AUTO_INCREMENT COMMENT 'Identificador de registro', AUTO_INCREMENT=4;

--
-- AUTO_INCREMENT de la tabla `migrations`
--
ALTER TABLE `migrations`
  MODIFY `id` int(10) UNSIGNED NOT NULL AUTO_INCREMENT, AUTO_INCREMENT=4;

--
-- AUTO_INCREMENT de la tabla `niveles`
--
ALTER TABLE `niveles`
  MODIFY `id` int(11) NOT NULL AUTO_INCREMENT COMMENT 'Identificador de registro', AUTO_INCREMENT=6;

--
-- AUTO_INCREMENT de la tabla `personas`
--
ALTER TABLE `personas`
  MODIFY `id` int(11) NOT NULL AUTO_INCREMENT COMMENT 'Identificador de registro', AUTO_INCREMENT=62;

--
-- AUTO_INCREMENT de la tabla `persona_externos`
--
ALTER TABLE `persona_externos`
  MODIFY `id` int(11) NOT NULL AUTO_INCREMENT COMMENT 'Identificador de registro', AUTO_INCREMENT=23;

--
-- AUTO_INCREMENT de la tabla `puntos`
--
ALTER TABLE `puntos`
  MODIFY `id` int(11) NOT NULL AUTO_INCREMENT COMMENT 'Identificador de registro', AUTO_INCREMENT=72;

--
-- AUTO_INCREMENT de la tabla `puntos_detalle`
--
ALTER TABLE `puntos_detalle`
  MODIFY `id` int(11) NOT NULL AUTO_INCREMENT, AUTO_INCREMENT=38;

--
-- AUTO_INCREMENT de la tabla `sabadosydomingos`
--
ALTER TABLE `sabadosydomingos`
  MODIFY `id` int(11) NOT NULL AUTO_INCREMENT COMMENT 'Identificador de registro', AUTO_INCREMENT=24;

--
-- AUTO_INCREMENT de la tabla `sustituciones`
--
ALTER TABLE `sustituciones`
  MODIFY `id` int(11) NOT NULL AUTO_INCREMENT COMMENT 'Identificador de registro', AUTO_INCREMENT=4;

--
-- AUTO_INCREMENT de la tabla `tipos_incidencias`
--
ALTER TABLE `tipos_incidencias`
  MODIFY `id` int(11) NOT NULL AUTO_INCREMENT COMMENT 'Identificador de registro', AUTO_INCREMENT=9;

--
-- AUTO_INCREMENT de la tabla `turnos`
--
ALTER TABLE `turnos`
  MODIFY `id` int(11) NOT NULL AUTO_INCREMENT COMMENT 'Identificador de regidtro', AUTO_INCREMENT=10;

--
-- AUTO_INCREMENT de la tabla `users`
--
ALTER TABLE `users`
  MODIFY `id` int(10) UNSIGNED NOT NULL AUTO_INCREMENT, AUTO_INCREMENT=5;

--
-- Restricciones para tablas volcadas
--

--
-- Filtros para la tabla `bosquejo`
--
ALTER TABLE `bosquejo`
  ADD CONSTRAINT `fk_personas_bosquejo` FOREIGN KEY (`idpersona`) REFERENCES `personas` (`id`) ON DELETE NO ACTION ON UPDATE NO ACTION,
  ADD CONSTRAINT `fk_puntos_bosquejo` FOREIGN KEY (`idpunto`) REFERENCES `puntos` (`id`) ON DELETE NO ACTION ON UPDATE NO ACTION,
  ADD CONSTRAINT `fk_turnos_bosquejo` FOREIGN KEY (`idturno`) REFERENCES `turnos` (`id`) ON DELETE NO ACTION ON UPDATE NO ACTION;

--
-- Filtros para la tabla `chamanes`
--
ALTER TABLE `chamanes`
  ADD CONSTRAINT `fk_personas_chamanes` FOREIGN KEY (`idpersona`) REFERENCES `personas` (`id`) ON DELETE NO ACTION ON UPDATE NO ACTION,
  ADD CONSTRAINT `fk_puntos_chamanes` FOREIGN KEY (`idpunto`) REFERENCES `puntos` (`id`) ON DELETE NO ACTION ON UPDATE NO ACTION,
  ADD CONSTRAINT `fk_turnos_chamanes` FOREIGN KEY (`idturno`) REFERENCES `turnos` (`id`) ON DELETE NO ACTION ON UPDATE NO ACTION;

--
-- Filtros para la tabla `clave`
--
ALTER TABLE `clave`
  ADD CONSTRAINT `fk_turnos_clave` FOREIGN KEY (`idturno`) REFERENCES `turnos` (`id`) ON DELETE NO ACTION ON UPDATE NO ACTION;

--
-- Filtros para la tabla `equipos_composicion`
--
ALTER TABLE `equipos_composicion`
  ADD CONSTRAINT `fk_equipos_eq_composicion` FOREIGN KEY (`idequipo`) REFERENCES `equipos` (`id`) ON DELETE NO ACTION ON UPDATE NO ACTION,
  ADD CONSTRAINT `fk_personas_eq_composicion` FOREIGN KEY (`idpersona`) REFERENCES `personas` (`id`) ON DELETE NO ACTION ON UPDATE NO ACTION;

--
-- Filtros para la tabla `incidencias`
--
ALTER TABLE `incidencias`
  ADD CONSTRAINT `fk_personas_incidencia` FOREIGN KEY (`idpersona`) REFERENCES `personas` (`id`) ON DELETE NO ACTION ON UPDATE NO ACTION,
  ADD CONSTRAINT `fk_tipos_incidencias_incidencias` FOREIGN KEY (`idincidencia`) REFERENCES `tipos_incidencias` (`id`) ON DELETE NO ACTION ON UPDATE NO ACTION;

--
-- Filtros para la tabla `persona_externos`
--
ALTER TABLE `persona_externos`
  ADD CONSTRAINT `fk_categoria_persona_externos` FOREIGN KEY (`idcategoria`) REFERENCES `categorias_externos` (`id`) ON DELETE NO ACTION ON UPDATE NO ACTION,
  ADD CONSTRAINT `fk_personas_persona_externos` FOREIGN KEY (`idpersona`) REFERENCES `personas` (`id`) ON DELETE NO ACTION ON UPDATE NO ACTION;

--
-- Filtros para la tabla `puntos`
--
ALTER TABLE `puntos`
  ADD CONSTRAINT `fk_centros_puntos` FOREIGN KEY (`idcentro`) REFERENCES `centros` (`id`) ON DELETE NO ACTION ON UPDATE NO ACTION,
  ADD CONSTRAINT `fk_niveles_puntos` FOREIGN KEY (`idnivel`) REFERENCES `niveles` (`id`) ON DELETE NO ACTION ON UPDATE NO ACTION;

--
-- Filtros para la tabla `puntos_detalle`
--
ALTER TABLE `puntos_detalle`
  ADD CONSTRAINT `fk_puntos_puntosdetalle` FOREIGN KEY (`idpunto`) REFERENCES `puntos` (`id`) ON DELETE NO ACTION ON UPDATE NO ACTION,
  ADD CONSTRAINT `fk_turnos_puntosdetalle` FOREIGN KEY (`idturno`) REFERENCES `turnos` (`id`) ON DELETE NO ACTION ON UPDATE NO ACTION;

--
-- Filtros para la tabla `sabadosydomingos`
--
ALTER TABLE `sabadosydomingos`
  ADD CONSTRAINT `fk_puntos_sabadosydomingos` FOREIGN KEY (`idpunto`) REFERENCES `puntos` (`id`) ON DELETE NO ACTION ON UPDATE NO ACTION,
  ADD CONSTRAINT `fk_turnos_sabadosydomingos` FOREIGN KEY (`idturno`) REFERENCES `turnos` (`id`) ON DELETE NO ACTION ON UPDATE NO ACTION;

--
-- Filtros para la tabla `sustituciones`
--
ALTER TABLE `sustituciones`
  ADD CONSTRAINT `fk_persona_externa_sustituciones` FOREIGN KEY (`idpersona_externa`) REFERENCES `persona_externos` (`id`) ON DELETE NO ACTION ON UPDATE NO ACTION,
  ADD CONSTRAINT `fk_persona_sustituciones` FOREIGN KEY (`idpersona`) REFERENCES `personas` (`id`) ON DELETE NO ACTION ON UPDATE NO ACTION;
COMMIT;

/*!40101 SET CHARACTER_SET_CLIENT=@OLD_CHARACTER_SET_CLIENT */;
/*!40101 SET CHARACTER_SET_RESULTS=@OLD_CHARACTER_SET_RESULTS */;
/*!40101 SET COLLATION_CONNECTION=@OLD_COLLATION_CONNECTION */;
